Time,Power Usage (W) - nvidia 0,Power Usage (W) - nvidia 1,Temperature (C) -nvidia 0,Temperature (C) -nvidia 1,Memory bandwidth Usage(%) - nvidia 0,Memory bandwidth Usage(%) - nvidia 1,Tensor op rate(%) - nvidia 0,Tensor op rate(%) - nvidia 1,PCIe read - nvidia 0,PCIe write - nvidia 0,PCIe read - nvidia 1,PCIe write - nvidia 1
4/21/2026 19:42,26.5 W,32.2 W,37,41,0%,0%,0%,0%,24.3 kB/s,-6.31 kB/s,24.3 kB/s,-6.28 kB/s
4/21/2026 19:43,25.9 W,30.4 W,,,0%,0%,0%,0%,24.2 kB/s,-6.26 kB/s,24.3 kB/s,-6.31 kB/s
4/21/2026 19:44,25.6 W,30.0 W,31,33,0.07%,0.28%,0%,0%,4.03 MB/s,-33.6 MB/s,13.6 MB/s,-120 MB/s
4/21/2026 19:45,299 W,300 W,,,36.60%,36.70%,42.20%,44.70%,591 MB/s,-1.44 GB/s,580 MB/s,-1.71 GB/s
4/21/2026 19:46,264 W,275 W,61,63,35.40%,35.30%,43.40%,45.60%,497 MB/s,-1.30 GB/s,531 MB/s,-1.64 GB/s
4/21/2026 19:47,268 W,272 W,,,34.20%,34.30%,41.10%,44.80%,489 MB/s,-1.63 GB/s,520 MB/s,-1.88 GB/s
4/21/2026 19:48,294 W,296 W,64,69,34.70%,34.60%,42.90%,47.10%,439 MB/s,-1.23 GB/s,476 MB/s,-1.56 GB/s
4/21/2026 19:49,293 W,296 W,,,34.50%,34.60%,43.10%,46.60%,436 MB/s,-1.23 GB/s,468 MB/s,-1.52 GB/s
4/21/2026 19:50,291 W,296 W,65,70,34.00%,33.70%,41.10%,43.40%,429 MB/s,-1.21 GB/s,493 MB/s,-1.44 GB/s
4/21/2026 19:51,291 W,296 W,,,33.70%,33.80%,40.20%,43.50%,483 MB/s,-1.26 GB/s,515 MB/s,-1.52 GB/s
4/21/2026 19:52,295 W,297 W,67,69,33.70%,33.70%,38.80%,43.00%,564 MB/s,-1.76 GB/s,583 MB/s,-1.91 GB/s
4/21/2026 19:53,295 W,297 W,,,33.90%,34.00%,39.90%,43.30%,519 MB/s,-1.35 GB/s,561 MB/s,-1.69 GB/s
4/21/2026 19:54,293 W,298 W,64,69,33.90%,33.90%,39.60%,42.60%,576 MB/s,-1.42 GB/s,607 MB/s,-1.71 GB/s
4/21/2026 19:55,294 W,298 W,,,33.90%,33.90%,38.40%,42.40%,591 MB/s,-1.53 GB/s,615 MB/s,-1.76 GB/s
4/21/2026 19:56,293 W,298 W,65,70,33.70%,33.70%,38.20%,41.30%,572 MB/s,-1.40 GB/s,604 MB/s,-1.70 GB/s
4/21/2026 19:57,152 W,158 W,,,33.90%,34.20%,38.90%,43.10%,594 MB/s,-1.55 GB/s,631 MB/s,-1.87 GB/s
4/21/2026 19:58,297 W,297 W,66,68,35.00%,35.00%,42.20%,46.00%,542 MB/s,-1.43 GB/s,572 MB/s,-1.74 GB/s
4/21/2026 19:59,292 W,294 W,,,34.70%,34.70%,41.40%,45.70%,523 MB/s,-1.39 GB/s,539 MB/s,-1.60 GB/s
4/21/2026 20:00,290 W,297 W,65,70,34.70%,34.70%,40.70%,46.00%,569 MB/s,-1.82 GB/s,569 MB/s,-1.87 GB/s
4/21/2026 20:01,257 W,266 W,,,34.70%,34.70%,42.00%,46.10%,486 MB/s,-1.30 GB/s,507 MB/s,-1.52 GB/s
4/21/2026 20:02,293 W,297 W,67,69,34.80%,34.80%,43.10%,47.10%,439 MB/s,-1.23 GB/s,472 MB/s,-1.53 GB/s
4/21/2026 20:03,294 W,297 W,,,34.60%,34.60%,42.70%,46.50%,437 MB/s,-1.22 GB/s,479 MB/s,-1.59 GB/s
4/21/2026 20:04,290 W,295 W,65,71,33.90%,33.60%,40.90%,43.50%,428 MB/s,-1.20 GB/s,511 MB/s,-1.57 GB/s
4/21/2026 20:05,295 W,298 W,,,33.60%,33.70%,38.70%,43.20%,547 MB/s,-1.72 GB/s,573 MB/s,-1.91 GB/s
4/21/2026 20:06,292 W,296 W,65,72,33.60%,33.70%,39.40%,43.00%,502 MB/s,-1.32 GB/s,533 MB/s,-1.57 GB/s
4/21/2026 20:07,291 W,293 W,,,33.90%,34.00%,40.00%,43.40%,519 MB/s,-1.35 GB/s,555 MB/s,-1.64 GB/s
4/21/2026 20:08,291 W,296 W,66,70,33.90%,33.80%,39.70%,42.40%,596 MB/s,-1.57 GB/s,620 MB/s,-1.80 GB/s
4/21/2026 20:09,290 W,297 W,,,34.00%,34.00%,39.00%,42.50%,574 MB/s,-1.41 GB/s,603 MB/s,-1.69 GB/s
4/21/2026 20:10,294 W,300 W,66,69,33.50%,33.50%,37.80%,41.30%,584 MB/s,-1.49 GB/s,613 MB/s,-1.76 GB/s
4/21/2026 20:11,158 W,169 W,,,34.00%,34.00%,39.20%,42.60%,573 MB/s,-1.41 GB/s,605 MB/s,-1.69 GB/s
4/21/2026 20:12,290 W,298 W,65,70,34.90%,34.90%,42.30%,45.90%,560 MB/s,-1.44 GB/s,575 MB/s,-1.75 GB/s
4/21/2026 20:13,294 W,298 W,,,34.60%,34.60%,41.00%,44.90%,581 MB/s,-1.80 GB/s,598 MB/s,-1.99 GB/s
4/21/2026 20:14,298 W,295 W,66,71,34.90%,34.80%,43.00%,46.00%,507 MB/s,-1.33 GB/s,542 MB/s,-1.68 GB/s
4/21/2026 20:15,292 W,266 W,,,34.60%,34.60%,42.30%,46.30%,490 MB/s,-1.29 GB/s,518 MB/s,-1.59 GB/s
4/21/2026 20:16,290 W,295 W,66,69,34.70%,34.70%,43.50%,47.00%,437 MB/s,-1.23 GB/s,464 MB/s,-1.47 GB/s
4/21/2026 20:17,292 W,295 W,,,34.20%,34.20%,41.70%,45.50%,436 MB/s,-1.23 GB/s,461 MB/s,-1.45 GB/s
4/21/2026 20:18,291 W,297 W,67,71,34.70%,34.30%,43.00%,45.10%,491 MB/s,-1.63 GB/s,508 MB/s,-1.80 GB/s
4/21/2026 20:19,293 W,294 W,,,33.60%,33.70%,40.20%,43.40%,477 MB/s,-1.25 GB/s,518 MB/s,-1.58 GB/s
4/21/2026 20:20,292 W,298 W,65,71,33.80%,33.80%,40.30%,43.40%,495 MB/s,-1.28 GB/s,540 MB/s,-1.65 GB/s
4/21/2026 20:21,294 W,295 W,,,33.80%,33.80%,39.10%,43.20%,541 MB/s,-1.55 GB/s,575 MB/s,-1.83 GB/s
4/21/2026 20:22,292 W,298 W,66,69,34.10%,34.10%,40.00%,43.30%,528 MB/s,-1.36 GB/s,564 MB/s,-1.66 GB/s
4/21/2026 20:23,292 W,297 W,,,34.00%,34.00%,39.20%,42.60%,573 MB/s,-1.41 GB/s,604 MB/s,-1.70 GB/s
4/21/2026 20:24,293 W,299 W,67,71,33.60%,33.60%,38.50%,41.50%,571 MB/s,-1.40 GB/s,604 MB/s,-1.70 GB/s
4/21/2026 20:25,292 W,215 W,,,34.00%,34.00%,39.00%,42.60%,576 MB/s,-1.42 GB/s,607 MB/s,-1.71 GB/s
4/21/2026 20:26,207 W,222 W,65,69,34.60%,35.00%,40.70%,45.60%,639 MB/s,-1.85 GB/s,620 MB/s,-2.02 GB/s
4/21/2026 20:27,296 W,297 W,,,35.00%,34.90%,41.90%,46.10%,531 MB/s,-1.40 GB/s,550 MB/s,-1.63 GB/s
4/21/2026 20:28,297 W,296 W,67,70,34.50%,34.60%,42.00%,45.20%,508 MB/s,-1.33 GB/s,534 MB/s,-1.61 GB/s
4/21/2026 20:29,290 W,297 W,,,34.80%,34.80%,42.80%,46.10%,493 MB/s,-1.30 GB/s,525 MB/s,-1.61 GB/s
4/21/2026 20:30,289 W,298 W,63,69,34.80%,34.80%,43.40%,47.10%,437 MB/s,-1.23 GB/s,482 MB/s,-1.61 GB/s
4/21/2026 20:31,293 W,296 W,,,34.50%,34.50%,42.00%,46.20%,495 MB/s,-1.64 GB/s,521 MB/s,-1.88 GB/s
4/21/2026 20:32,291 W,297 W,67,70,34.50%,34.00%,42.60%,44.70%,433 MB/s,-1.21 GB/s,461 MB/s,-1.48 GB/s
4/21/2026 20:33,290 W,297 W,,,33.90%,33.90%,40.40%,43.40%,487 MB/s,-1.27 GB/s,515 MB/s,-1.49 GB/s
4/21/2026 20:34,295 W,294 W,63,70,33.80%,33.90%,39.50%,42.60%,534 MB/s,-1.52 GB/s,562 MB/s,-1.73 GB/s
4/21/2026 20:35,291 W,294 W,,,33.80%,33.80%,39.60%,42.60%,519 MB/s,-1.35 GB/s,558 MB/s,-1.66 GB/s
4/21/2026 20:36,292 W,298 W,64,70,34.00%,34.00%,38.70%,42.50%,578 MB/s,-1.42 GB/s,610 MB/s,-1.74 GB/s
4/21/2026 20:37,27.8 W,34.5 W,,,0%,0%,0%,0%,24.7 kB/s,-6.67 kB/s,24.6 kB/s,-6.54 kB/s
4/21/2026 20:38,26.1 W,31.8 W,36,40,0%,0%,0%,0%,24.3 kB/s,-6.36 kB/s,24.3 kB/s,-6.31 kB/s
4/21/2026 20:39,25.5 W,30.0 W,,,0%,0%,0%,0%,24.3 kB/s,-6.36 kB/s,24.4 kB/s,-6.36 kB/s
4/21/2026 20:40,25.4 W,29.6 W,31,33,0%,0%,0%,0%,24.4 kB/s,-6.42 kB/s,24.2 kB/s,-6.31 kB/s
4/21/2026 20:41,25.3 W,29.2 W,,,0%,0%,0%,0%,24.3 kB/s,-6.35 kB/s,24.2 kB/s,-6.25 kB/s
4/21/2026 20:42,25.2 W,28.9 W,29,31,0%,0%,0%,0%,24.3 kB/s,-6.38 kB/s,24.3 kB/s,-6.35 kB/s
4/21/2026 20:43,25.2 W,29.1 W,,,0.52%,0.49%,0%,0%,68.9 MB/s,-615 MB/s,68.9 MB/s,-615 MB/s
4/21/2026 20:44,291 W,294 W,60,61,36.60%,36.30%,44.70%,44.50%,446 MB/s,-1.25 GB/s,510 MB/s,-1.81 GB/s
4/21/2026 20:45,293 W,296 W,,,34.50%,34.50%,40.80%,43.00%,496 MB/s,-1.30 GB/s,577 MB/s,-1.96 GB/s
4/21/2026 20:46,291 W,295 W,67,67,33.30%,33.40%,38.50%,41.20%,530 MB/s,-1.51 GB/s,621 MB/s,-2.25 GB/s
4/21/2026 20:47,292 W,295 W,,,34.00%,34.00%,40.00%,43.30%,530 MB/s,-1.40 GB/s,611 MB/s,-2.08 GB/s
4/21/2026 20:48,295 W,299 W,65,70,33.80%,33.70%,39.90%,42.00%,578 MB/s,-1.44 GB/s,659 MB/s,-2.15 GB/s
4/21/2026 20:49,291 W,295 W,,,33.90%,33.90%,39.00%,42.60%,582 MB/s,-1.47 GB/s,652 MB/s,-2.09 GB/s
4/21/2026 20:50,292 W,298 W,65,70,33.90%,33.90%,39.50%,42.60%,578 MB/s,-1.45 GB/s,655 MB/s,-2.13 GB/s
4/21/2026 20:51,181 W,189 W,,,33.50%,33.80%,37.90%,42.20%,638 MB/s,-1.90 GB/s,729 MB/s,-2.65 GB/s
4/21/2026 20:52,265 W,264 W,62,71,34.80%,34.90%,41.90%,46.00%,592 MB/s,-1.50 GB/s,618 MB/s,-2.09 GB/s
4/21/2026 20:53,293 W,297 W,,,34.80%,34.80%,42.00%,46.20%,531 MB/s,-1.42 GB/s,589 MB/s,-1.98 GB/s
4/21/2026 20:54,294 W,296 W,64,69,34.80%,34.80%,41.80%,46.30%,514 MB/s,-1.38 GB/s,570 MB/s,-1.92 GB/s
4/21/2026 20:55,297 W,297 W,,,34.70%,34.70%,42.90%,46.10%,495 MB/s,-1.32 GB/s,567 MB/s,-1.98 GB/s
4/21/2026 20:56,275 W,274 W,67,70,34.60%,34.70%,42.00%,46.90%,484 MB/s,-1.60 GB/s,583 MB/s,-2.43 GB/s
4/21/2026 20:57,290 W,297 W,,,34.70%,34.70%,43.50%,47.00%,443 MB/s,-1.27 GB/s,534 MB/s,-2.06 GB/s
4/21/2026 20:58,292 W,293 W,64,70,34.50%,34.10%,42.70%,44.80%,441 MB/s,-1.27 GB/s,512 MB/s,-1.91 GB/s
4/21/2026 20:59,294 W,299 W,,,33.80%,33.80%,39.40%,43.30%,526 MB/s,-1.59 GB/s,596 MB/s,-2.18 GB/s
4/21/2026 21:00,297 W,299 W,67,70,34.00%,34%,40.00%,43.50%,504 MB/s,-1.34 GB/s,578 MB/s,-1.95 GB/s
4/21/2026 21:01,293 W,297 W,,,34.00%,34.10%,40.50%,43.20%,524 MB/s,-1.38 GB/s,601 MB/s,-2.01 GB/s
4/21/2026 21:02,291 W,294 W,65,71,34.00%,33.90%,39.60%,42.10%,580 MB/s,-1.44 GB/s,653 MB/s,-2.10 GB/s
4/21/2026 21:03,290 W,294 W,,,34.00%,34.00%,39.50%,42.50%,579 MB/s,-1.45 GB/s,652 MB/s,-2.09 GB/s
4/21/2026 21:04,295 W,299 W,67,70,34.10%,34.10%,38.10%,42.40%,640 MB/s,-1.91 GB/s,714 MB/s,-2.54 GB/s
4/21/2026 21:05,219 W,219 W,,,34.00%,34.50%,39.30%,43.70%,584 MB/s,-1.47 GB/s,668 MB/s,-2.18 GB/s
4/21/2026 21:06,290 W,297 W,66,71,35.00%,35.00%,42.80%,45.90%,540 MB/s,-1.45 GB/s,618 MB/s,-2.17 GB/s
4/21/2026 21:07,291 W,296 W,,,34.90%,34.90%,42.40%,46.10%,520 MB/s,-1.40 GB/s,600 MB/s,-2.13 GB/s
4/21/2026 21:08,274 W,282 W,61,65,34.80%,34.80%,42.40%,46.10%,495 MB/s,-1.33 GB/s,572 MB/s,-2.03 GB/s
4/21/2026 21:09,294 W,296 W,,,34.90%,34.90%,42.40%,46.80%,490 MB/s,-1.63 GB/s,570 MB/s,-2.30 GB/s
4/21/2026 21:10,293 W,297 W,64,70,34.80%,34.80%,43.20%,46.90%,441 MB/s,-1.25 GB/s,503 MB/s,-1.80 GB/s
4/21/2026 21:11,293 W,296 W,,,34.20%,33.80%,41.80%,43.70%,435 MB/s,-1.23 GB/s,521 MB/s,-1.81 GB/s
4/21/2026 21:12,296 W,298 W,65,69,33.50%,33.50%,38.90%,42.50%,525 MB/s,-1.59 GB/s,598 MB/s,-2.19 GB/s
4/21/2026 21:13,290 W,293 W,,,34.00%,34.00%,39.90%,43.40%,508 MB/s,-1.35 GB/s,594 MB/s,-2.06 GB/s
4/21/2026 21:14,292 W,293 W,67,69,34.00%,34.10%,39.90%,43.40%,528 MB/s,-1.39 GB/s,610 MB/s,-2.08 GB/s
4/21/2026 21:15,292 W,294 W,,,34.00%,34.00%,38.60%,42.80%,582 MB/s,-1.47 GB/s,656 MB/s,-2.13 GB/s
4/21/2026 21:16,292 W,296 W,66,69,33.70%,33.70%,38.30%,41.90%,579 MB/s,-1.44 GB/s,656 MB/s,-2.12 GB/s
4/21/2026 21:17,294 W,299 W,,,34.00%,34.10%,38.50%,42.20%,636 MB/s,-1.89 GB/s,723 MB/s,-2.62 GB/s
4/21/2026 21:18,209 W,199 W,66,69,34.30%,34.70%,40.00%,44.70%,582 MB/s,-1.46 GB/s,669 MB/s,-2.19 GB/s
4/21/2026 21:19,295 W,296 W,,,34.70%,34.70%,41.50%,45.30%,537 MB/s,-1.45 GB/s,604 MB/s,-2.06 GB/s
4/21/2026 21:20,296 W,295 W,66,70,34.90%,34.80%,42.60%,46.10%,526 MB/s,-1.41 GB/s,584 MB/s,-1.96 GB/s
4/21/2026 21:21,295 W,295 W,,,34.70%,34.70%,42.10%,46.20%,502 MB/s,-1.35 GB/s,557 MB/s,-1.88 GB/s
4/21/2026 21:22,276 W,268 W,64,71,34.70%,34.70%,41.90%,47.10%,493 MB/s,-1.62 GB/s,569 MB/s,-2.30 GB/s
4/21/2026 21:23,291 W,296 W,,,34.50%,34.60%,42.80%,46.20%,441 MB/s,-1.26 GB/s,527 MB/s,-2.02 GB/s
4/21/2026 21:24,293 W,296 W,64,70,34.80%,34.50%,43.30%,46.40%,443 MB/s,-1.27 GB/s,525 MB/s,-2.01 GB/s
4/21/2026 21:25,290 W,297 W,,,33.70%,33.70%,39.80%,43.30%,519 MB/s,-1.58 GB/s,604 MB/s,-2.27 GB/s
4/21/2026 21:26,290 W,294 W,68,69,33.80%,33.90%,39.90%,43.50%,499 MB/s,-1.33 GB/s,570 MB/s,-1.92 GB/s
4/21/2026 21:27,292 W,299 W,,,34.00%,34.10%,39.80%,43.30%,517 MB/s,-1.38 GB/s,588 MB/s,-1.97 GB/s
4/21/2026 21:28,295 W,295 W,67,70,34.10%,34.00%,40.30%,43.40%,538 MB/s,-1.41 GB/s,650 MB/s,-2.06 GB/s
4/21/2026 21:29,293 W,298 W,,,34.00%,34.00%,39.40%,42.50%,581 MB/s,-1.47 GB/s,653 MB/s,-2.11 GB/s
4/21/2026 21:30,293 W,297 W,65,70,33.60%,33.60%,37.20%,41.20%,641 MB/s,-1.90 GB/s,714 MB/s,-2.55 GB/s
4/21/2026 21:31,224 W,176 W,,,34.00%,34.00%,39.70%,42.70%,579 MB/s,-1.45 GB/s,651 MB/s,-2.07 GB/s
4/21/2026 21:32,271 W,297 W,65,70,35.00%,35.00%,42.40%,45.90%,545 MB/s,-1.45 GB/s,616 MB/s,-2.11 GB/s
4/21/2026 21:33,292 W,297 W,,,34.90%,34.90%,42.70%,46.10%,525 MB/s,-1.40 GB/s,609 MB/s,-2.15 GB/s
4/21/2026 21:34,294 W,296 W,65,69,34.50%,34.50%,41.70%,45.50%,509 MB/s,-1.38 GB/s,591 MB/s,-2.13 GB/s
4/21/2026 21:35,294 W,263 W,,,34.70%,34.60%,41.70%,46.20%,536 MB/s,-1.66 GB/s,614 MB/s,-2.36 GB/s
4/21/2026 21:36,27.9 W,34.1 W,43,47,0%,0%,0%,0%,24.5 kB/s,-6.47 kB/s,24.4 kB/s,-6.43 kB/s
4/21/2026 21:37,26.7 W,31.9 W,,,0%,0%,0%,0%,24.4 kB/s,-6.36 kB/s,24.2 kB/s,-6.28 kB/s
4/21/2026 21:38,25.5 W,30.2 W,33,35,0%,0%,0%,0%,24.2 kB/s,-6.26 kB/s,24.1 kB/s,-6.25 kB/s
4/21/2026 21:39,26.0 W,29.6 W,,,0%,0%,0%,0%,24.2 kB/s,-6.26 kB/s,24.1 kB/s,-6.28 kB/s
4/21/2026 21:40,25.5 W,29.5 W,30,32,0%,0%,0%,0%,24.3 kB/s,-6.30 kB/s,24.1 kB/s,-6.23 kB/s
4/21/2026 21:41,25.5 W,29.5 W,,,0%,0%,0%,0%,24.3 kB/s,-6.30 kB/s,24.2 kB/s,-6.26 kB/s
4/21/2026 21:42,25.7 W,29.3 W,30,31,0%,0%,0%,0%,24.3 kB/s,-6.33 kB/s,24.1 kB/s,-6.26 kB/s
4/21/2026 21:43,25.6 W,29.0 W,,,0.49%,0.54%,0%,0%,68.9 MB/s,-615 MB/s,68.9 MB/s,-615 MB/s
4/21/2026 21:44,293 W,295 W,59,61,35.40%,35.40%,41.60%,41.90%,565 MB/s,-1.97 GB/s,574 MB/s,-2.01 GB/s
4/21/2026 21:45,296 W,297 W,,,34.20%,33.90%,40.10%,41.00%,603 MB/s,-2.12 GB/s,601 MB/s,-2.11 GB/s
4/21/2026 21:46,292 W,297 W,63,68,33.40%,33.40%,38.80%,41.50%,650 MB/s,-2.43 GB/s,652 MB/s,-2.43 GB/s
4/21/2026 21:47,294 W,297 W,,,33.80%,33.90%,39.10%,42.60%,684 MB/s,-2.31 GB/s,677 MB/s,-2.30 GB/s
4/21/2026 21:48,290 W,296 W,66,70,33.60%,33.60%,39.00%,42.00%,677 MB/s,-2.29 GB/s,682 MB/s,-2.35 GB/s
4/21/2026 21:49,293 W,297 W,,,33.90%,33.90%,39.50%,42.50%,676 MB/s,-2.27 GB/s,678 MB/s,-2.30 GB/s
4/21/2026 21:50,201 W,153 W,60,65,34.00%,34.10%,39.20%,42.90%,681 MB/s,-2.31 GB/s,689 MB/s,-2.38 GB/s
4/21/2026 21:51,289 W,297 W,,,34.60%,34.60%,40.50%,44.60%,726 MB/s,-2.93 GB/s,709 MB/s,-2.83 GB/s
4/21/2026 21:52,297 W,298 W,63,69,34.90%,34.90%,42.80%,46.00%,626 MB/s,-2.24 GB/s,624 MB/s,-2.25 GB/s
4/21/2026 21:53,295 W,295 W,,,34.70%,34.70%,42.00%,46.10%,596 MB/s,-2.11 GB/s,588 MB/s,-2.10 GB/s
4/21/2026 21:54,278 W,267 W,61,68,34.60%,34.60%,42.90%,46.20%,572 MB/s,-2.01 GB/s,566 MB/s,-2.02 GB/s
4/21/2026 21:55,292 W,294 W,,,34.60%,34.70%,43.20%,46.90%,537 MB/s,-2.06 GB/s,534 MB/s,-2.06 GB/s
4/21/2026 21:56,296 W,298 W,67,71,34.70%,34.70%,42.90%,46.80%,624 MB/s,-2.74 GB/s,616 MB/s,-2.67 GB/s
4/21/2026 21:57,295 W,298 W,,,34.10%,33.70%,42.00%,43.40%,543 MB/s,-2.16 GB/s,585 MB/s,-2.20 GB/s
4/21/2026 21:58,293 W,296 W,65,69,33.60%,33.70%,40.00%,42.80%,595 MB/s,-2.19 GB/s,601 MB/s,-2.22 GB/s
4/21/2026 21:59,291 W,296 W,,,33.90%,33.90%,39.70%,43.20%,640 MB/s,-2.42 GB/s,639 MB/s,-2.40 GB/s
4/21/2026 22:00,294 W,298 W,67,71,33.90%,34.00%,39.80%,43.30%,621 MB/s,-2.17 GB/s,628 MB/s,-2.22 GB/s
4/21/2026 22:01,292 W,297 W,,,33.90%,33.90%,39.00%,42.60%,671 MB/s,-2.23 GB/s,673 MB/s,-2.28 GB/s
4/21/2026 22:02,293 W,296 W,67,69,33.90%,33.90%,39.10%,42.20%,673 MB/s,-2.25 GB/s,676 MB/s,-2.29 GB/s
4/21/2026 22:03,296 W,258 W,,,34.00%,34.00%,39.60%,42.40%,672 MB/s,-2.23 GB/s,670 MB/s,-2.24 GB/s
4/21/2026 22:04,198 W,255 W,65,70,34.50%,34.90%,40.30%,45.30%,756 MB/s,-2.83 GB/s,746 MB/s,-2.78 GB/s
4/21/2026 22:05,290 W,265 W,,,34.50%,34.50%,41.10%,44.60%,627 MB/s,-2.22 GB/s,622 MB/s,-2.24 GB/s
4/21/2026 22:06,292 W,297 W,68,71,34.80%,34.80%,43.30%,45.90%,629 MB/s,-2.32 GB/s,620 MB/s,-2.30 GB/s
4/21/2026 22:07,289 W,293 W,,,34.80%,34.70%,42.30%,46.30%,611 MB/s,-2.29 GB/s,603 MB/s,-2.29 GB/s
4/21/2026 22:08,284 W,295 W,67,69,34.70%,34.70%,43.10%,47.10%,552 MB/s,-2.20 GB/s,554 MB/s,-2.23 GB/s
4/21/2026 22:09,296 W,298 W,,,34.80%,34.80%,42.30%,46.90%,614 MB/s,-2.65 GB/s,604 MB/s,-2.57 GB/s
4/21/2026 22:10,292 W,296 W,65,70,34.70%,34.20%,43.00%,45.30%,520 MB/s,-1.94 GB/s,515 MB/s,-1.94 GB/s
4/21/2026 22:11,292 W,296 W,,,33.80%,33.80%,40.30%,43.40%,569 MB/s,-2.01 GB/s,572 MB/s,-2.02 GB/s
4/21/2026 22:12,295 W,296 W,66,69,33.60%,33.60%,38.90%,42.60%,634 MB/s,-2.43 GB/s,627 MB/s,-2.36 GB/s
4/21/2026 22:13,293 W,294 W,,,34.00%,34.00%,40.20%,43.40%,625 MB/s,-2.25 GB/s,627 MB/s,-2.26 GB/s
4/21/2026 22:14,291 W,296 W,66,70,34.10%,34.10%,40.80%,42.40%,677 MB/s,-2.27 GB/s,676 MB/s,-2.29 GB/s
4/21/2026 22:15,290 W,298 W,,,34.00%,34.00%,39.30%,42.50%,675 MB/s,-2.28 GB/s,673 MB/s,-2.28 GB/s
4/21/2026 22:16,295 W,298 W,64,69,33.80%,33.80%,39.10%,41.70%,673 MB/s,-2.26 GB/s,679 MB/s,-2.33 GB/s
4/21/2026 22:17,169 W,189 W,,,34.00%,34.30%,38.20%,43.40%,763 MB/s,-2.92 GB/s,758 MB/s,-2.88 GB/s
4/21/2026 22:18,295 W,296 W,65,71,35.10%,35.10%,42.40%,46.00%,646 MB/s,-2.34 GB/s,643 MB/s,-2.36 GB/s
4/21/2026 22:19,295 W,297 W,,,34.60%,34.60%,42.10%,45.20%,619 MB/s,-2.23 GB/s,614 MB/s,-2.24 GB/s
4/21/2026 22:20,292 W,295 W,63,71,34.80%,34.80%,42.90%,46.20%,590 MB/s,-2.08 GB/s,584 MB/s,-2.09 GB/s
4/21/2026 22:21,262 W,265 W,,,34.70%,34.90%,43.20%,46.70%,566 MB/s,-2.00 GB/s,523 MB/s,-1.98 GB/s
4/21/2026 22:22,291 W,299 W,67,69,34.80%,34.80%,42.80%,46.80%,606 MB/s,-2.58 GB/s,597 MB/s,-2.51 GB/s
4/21/2026 22:23,296 W,299 W,,,34.50%,34.30%,42.70%,45.60%,546 MB/s,-2.16 GB/s,542 MB/s,-2.16 GB/s
4/21/2026 22:24,293 W,296 W,66,69,33.70%,33.70%,40.40%,43.50%,585 MB/s,-2.16 GB/s,591 MB/s,-2.19 GB/s
4/21/2026 22:25,293 W,296 W,,,33.90%,33.90%,39.40%,43.20%,651 MB/s,-2.56 GB/s,647 MB/s,-2.50 GB/s
4/21/2026 22:26,294 W,296 W,65,69,34.00%,34.10%,39.80%,43.30%,609 MB/s,-2.13 GB/s,620 MB/s,-2.20 GB/s
4/21/2026 22:27,293 W,298 W,,,34.00%,34.00%,39.90%,43.30%,631 MB/s,-2.22 GB/s,648 MB/s,-2.26 GB/s
4/21/2026 22:28,293 W,297 W,66,69,34.00%,34.00%,39.10%,42.50%,672 MB/s,-2.23 GB/s,675 MB/s,-2.28 GB/s
4/21/2026 22:29,294 W,298 W,,,34.00%,34.10%,38.70%,42.60%,678 MB/s,-2.28 GB/s,679 MB/s,-2.31 GB/s
4/21/2026 22:30,203 W,218 W,61,65,33.60%,33.90%,38.00%,41.70%,750 MB/s,-2.84 GB/s,739 MB/s,-2.73 GB/s
4/21/2026 22:31,286 W,273 W,,,35.10%,35.00%,43.20%,45.80%,646 MB/s,-2.25 GB/s,633 MB/s,-2.23 GB/s
4/21/2026 22:32,295 W,298 W,67,68,34.90%,34.90%,42.40%,46.10%,623 MB/s,-2.22 GB/s,617 MB/s,-2.22 GB/s
4/21/2026 22:33,296 W,296 W,,,34.90%,34.80%,42.80%,46.10%,616 MB/s,-2.27 GB/s,609 MB/s,-2.26 GB/s
4/21/2026 22:34,294 W,296 W,62,70,34.50%,34.50%,42.00%,45.50%,600 MB/s,-2.27 GB/s,601 MB/s,-2.31 GB/s
4/21/2026 22:35,292 W,294 W,,,34.80%,34.80%,42.80%,46.80%,614 MB/s,-2.66 GB/s,607 MB/s,-2.60 GB/s
4/21/2026 22:36,27.8 W,34.0 W,43,47,0%,0%,0%,0%,24.6 kB/s,-6.48 kB/s,24.6 kB/s,-6.52 kB/s
4/21/2026 22:37,26.5 W,31.3 W,,,0%,0%,0%,0%,24.2 kB/s,-6.25 kB/s,24.3 kB/s,-6.33 kB/s
4/21/2026 22:38,26.0 W,30.1 W,32,35,0%,0%,0%,0%,24.3 kB/s,-6.33 kB/s,24.2 kB/s,-6.30 kB/s
4/21/2026 22:39,25.8 W,29.4 W,,,0%,0%,0%,0%,24.2 kB/s,-6.28 kB/s,24.2 kB/s,-6.30 kB/s
4/21/2026 22:40,25.8 W,29.1 W,30,32,0%,0%,0%,0%,24.2 kB/s,-6.25 kB/s,24.1 kB/s,-6.19 kB/s
4/21/2026 22:41,25.5 W,29.1 W,,,0%,0%,0%,0%,24.2 kB/s,-6.26 kB/s,24.1 kB/s,-6.25 kB/s
4/21/2026 22:42,25.4 W,28.7 W,30,30,0%,0%,0%,0%,24.2 kB/s,-6.30 kB/s,24.2 kB/s,-6.26 kB/s
4/21/2026 22:43,25.3 W,29.1 W,,,0.51%,0.48%,0%,0%,68.9 MB/s,-615 MB/s,68.9 MB/s,-615 MB/s
4/21/2026 22:44,294 W,294 W,60,62,36.10%,35.70%,43.80%,43.20%,469 MB/s,-1.47 GB/s,432 MB/s,-1.18 GB/s
4/21/2026 22:45,295 W,295 W,,,34.40%,34.40%,40.70%,42.60%,534 MB/s,-1.59 GB/s,501 MB/s,-1.28 GB/s
4/21/2026 22:46,292 W,295 W,66,68,33.40%,33.50%,38.90%,41.50%,580 MB/s,-1.90 GB/s,524 MB/s,-1.41 GB/s
4/21/2026 22:47,294 W,296 W,,,34.00%,34.00%,40.30%,43.20%,568 MB/s,-1.70 GB/s,527 MB/s,-1.35 GB/s
4/21/2026 22:48,296 W,296 W,66,70,33.80%,33.70%,38.70%,42.30%,617 MB/s,-1.77 GB/s,565 MB/s,-1.37 GB/s
4/21/2026 22:49,292 W,296 W,,,33.90%,33.90%,39.20%,42.60%,612 MB/s,-1.72 GB/s,568 MB/s,-1.38 GB/s
4/21/2026 22:50,294 W,297 W,66,69,33.90%,33.90%,39.40%,42.70%,617 MB/s,-1.77 GB/s,569 MB/s,-1.38 GB/s
4/21/2026 22:51,164 W,154 W,,,33.90%,34.40%,38.90%,43.80%,684 MB/s,-2.27 GB/s,619 MB/s,-1.69 GB/s
4/21/2026 22:52,292 W,296 W,67,68,34.90%,34.90%,42.30%,46.20%,578 MB/s,-1.74 GB/s,524 MB/s,-1.35 GB/s
4/21/2026 22:53,291 W,299 W,,,34.80%,34.80%,42.30%,46.20%,551 MB/s,-1.64 GB/s,506 MB/s,-1.31 GB/s
4/21/2026 22:54,290 W,296 W,65,69,34.90%,34.90%,42.40%,46.20%,530 MB/s,-1.58 GB/s,486 MB/s,-1.26 GB/s
4/21/2026 22:55,263 W,272 W,,,34.70%,34.80%,42.20%,46.10%,517 MB/s,-1.58 GB/s,427 MB/s,-1.17 GB/s
4/21/2026 22:56,296 W,298 W,67,69,34.70%,34.70%,42.50%,47.00%,543 MB/s,-2.06 GB/s,470 MB/s,-1.44 GB/s
4/21/2026 22:57,294 W,297 W,,,34.80%,34.80%,42.90%,46.90%,487 MB/s,-1.64 GB/s,429 MB/s,-1.19 GB/s
4/21/2026 22:58,290 W,292 W,64,68,33.50%,33.60%,39.70%,42.90%,508 MB/s,-1.55 GB/s,470 MB/s,-1.22 GB/s
4/21/2026 22:59,292 W,295 W,,,33.70%,33.70%,39.20%,43.30%,564 MB/s,-1.88 GB/s,510 MB/s,-1.40 GB/s
4/21/2026 23:00,290 W,293 W,64,72,33.90%,33.90%,40.00%,43.40%,541 MB/s,-1.59 GB/s,504 MB/s,-1.28 GB/s
4/21/2026 23:01,292 W,294 W,,,34.00%,34.10%,39.60%,43.30%,566 MB/s,-1.67 GB/s,535 MB/s,-1.34 GB/s
4/21/2026 23:02,291 W,295 W,64,69,33.80%,33.80%,38.60%,42.20%,613 MB/s,-1.74 GB/s,564 MB/s,-1.37 GB/s
4/21/2026 23:03,292 W,299 W,,,34.10%,34.10%,39.40%,42.40%,613 MB/s,-1.74 GB/s,568 MB/s,-1.38 GB/s
4/21/2026 23:04,239 W,253 W,61,65,33.90%,33.90%,38.70%,42.30%,677 MB/s,-2.21 GB/s,610 MB/s,-1.66 GB/s
4/21/2026 23:05,275 W,278 W,,,34.50%,34.70%,41.40%,44.70%,623 MB/s,-1.78 GB/s,530 MB/s,-1.36 GB/s
4/21/2026 23:06,296 W,294 W,66,70,34.90%,34.90%,42.10%,46.20%,576 MB/s,-1.79 GB/s,516 MB/s,-1.34 GB/s
4/21/2026 23:07,292 W,298 W,,,34.80%,34.80%,41.90%,46.30%,554 MB/s,-1.73 GB/s,496 MB/s,-1.30 GB/s
4/21/2026 23:08,273 W,294 W,61,66,34.70%,34.60%,42.00%,46.30%,531 MB/s,-1.66 GB/s,477 MB/s,-1.24 GB/s
4/21/2026 23:09,280 W,273 W,,,34.70%,34.80%,41.70%,46.90%,527 MB/s,-1.94 GB/s,465 MB/s,-1.42 GB/s
4/21/2026 23:10,291 W,296 W,66,68,34.70%,34.70%,42.70%,47.00%,469 MB/s,-1.49 GB/s,430 MB/s,-1.18 GB/s
4/21/2026 23:11,292 W,298 W,,,34.70%,34.20%,43.20%,45.50%,469 MB/s,-1.50 GB/s,424 MB/s,-1.17 GB/s
4/21/2026 23:12,295 W,299 W,67,69,33.40%,33.40%,38.60%,42.30%,556 MB/s,-1.89 GB/s,501 MB/s,-1.41 GB/s
4/21/2026 23:13,295 W,298 W,,,33.80%,33.80%,40.30%,43.30%,534 MB/s,-1.65 GB/s,490 MB/s,-1.26 GB/s
4/21/2026 23:14,292 W,299 W,65,69,33.90%,33.90%,39.70%,43.30%,551 MB/s,-1.67 GB/s,508 MB/s,-1.29 GB/s
4/21/2026 23:15,293 W,298 W,,,33.90%,33.90%,38.90%,43.40%,566 MB/s,-1.70 GB/s,523 MB/s,-1.33 GB/s
4/21/2026 23:16,288 W,294 W,65,71,33.60%,33.70%,38.80%,42.00%,614 MB/s,-1.74 GB/s,564 MB/s,-1.36 GB/s
4/21/2026 23:17,297 W,298 W,,,33.90%,33.90%,37.80%,42.50%,682 MB/s,-2.26 GB/s,607 MB/s,-1.65 GB/s
4/21/2026 23:18,288 W,295 W,66,71,33.90%,33.90%,38.90%,42.50%,615 MB/s,-1.76 GB/s,567 MB/s,-1.37 GB/s
4/21/2026 23:19,155 W,151 W,,,33.70%,34.10%,38.40%,43.00%,612 MB/s,-1.73 GB/s,576 MB/s,-1.42 GB/s
4/21/2026 23:20,297 W,286 W,64,68,35.00%,35.00%,41.60%,46.10%,602 MB/s,-1.76 GB/s,532 MB/s,-1.38 GB/s
4/21/2026 23:21,293 W,298 W,,,34.90%,34.80%,41.80%,46.00%,558 MB/s,-1.67 GB/s,510 MB/s,-1.31 GB/s
4/21/2026 23:22,293 W,296 W,64,69,34.70%,34.70%,41.40%,46.00%,585 MB/s,-1.97 GB/s,516 MB/s,-1.44 GB/s
4/21/2026 23:23,281 W,285 W,,,34.40%,34.40%,41.40%,45.30%,530 MB/s,-1.66 GB/s,470 MB/s,-1.22 GB/s
4/21/2026 23:24,291 W,295 W,66,69,34.60%,34.70%,42.90%,46.90%,481 MB/s,-1.60 GB/s,431 MB/s,-1.19 GB/s
4/21/2026 23:25,290 W,295 W,,,34.70%,34.70%,42.30%,46.70%,539 MB/s,-2.02 GB/s,468 MB/s,-1.44 GB/s
4/21/2026 23:26,292 W,295 W,66,70,34.10%,33.70%,41.40%,43.70%,462 MB/s,-1.47 GB/s,465 MB/s,-1.20 GB/s
4/21/2026 23:27,290 W,294 W,,,33.80%,33.90%,40.20%,43.50%,514 MB/s,-1.52 GB/s,482 MB/s,-1.23 GB/s
4/21/2026 23:28,292 W,296 W,66,67,34.00%,34.00%,40.20%,43.40%,538 MB/s,-1.59 GB/s,502 MB/s,-1.29 GB/s
4/21/2026 23:29,294 W,297 W,,,34.10%,34.20%,40.00%,43.40%,569 MB/s,-1.71 GB/s,526 MB/s,-1.34 GB/s
4/21/2026 23:30,292 W,296 W,65,69,33.60%,33.60%,37.80%,41.00%,676 MB/s,-2.21 GB/s,606 MB/s,-1.66 GB/s
4/21/2026 23:31,294 W,299 W,,,34.10%,34.10%,39.50%,42.60%,611 MB/s,-1.72 GB/s,567 MB/s,-1.37 GB/s
4/21/2026 23:32,295 W,246 W,66,65,34.00%,34.00%,39.10%,42.40%,612 MB/s,-1.72 GB/s,568 MB/s,-1.37 GB/s
4/21/2026 23:33,187 W,251 W,,,34.70%,35.10%,41.10%,45.90%,625 MB/s,-1.80 GB/s,534 MB/s,-1.36 GB/s
4/21/2026 23:34,290 W,296 W,65,70,34.70%,34.70%,41.60%,45.10%,574 MB/s,-1.77 GB/s,516 MB/s,-1.34 GB/s
4/21/2026 23:35,290 W,298 W,,,34.80%,34.80%,42.10%,46.00%,592 MB/s,-1.98 GB/s,524 MB/s,-1.46 GB/s
4/21/2026 23:36,28.3 W,34.0 W,44,48,0%,0%,0%,0%,24.6 kB/s,-6.50 kB/s,24.4 kB/s,-6.45 kB/s
4/21/2026 23:37,26.4 W,31.6 W,,,0%,0%,0%,0%,24.1 kB/s,-6.25 kB/s,24.3 kB/s,-6.33 kB/s
4/21/2026 23:38,25.7 W,30.6 W,33,35,0%,0%,0%,0%,171 kB/s,-84.1 kB/s,188 kB/s,-92.5 kB/s
4/21/2026 23:39,25.7 W,29.9 W,,,0%,0%,0%,0%,24.1 kB/s,-6.25 kB/s,24.2 kB/s,-6.30 kB/s
4/21/2026 23:40,25.6 W,29.7 W,31,32,0%,0%,0%,0%,24.2 kB/s,-6.30 kB/s,24.2 kB/s,-6.30 kB/s
4/21/2026 23:41,25.3 W,29.2 W,,,0%,0%,0%,0%,24.2 kB/s,-6.26 kB/s,24.2 kB/s,-6.26 kB/s
4/21/2026 23:42,25.3 W,29.1 W,30,31,0%,0%,0%,0%,24.2 kB/s,-6.28 kB/s,24.0 kB/s,-6.16 kB/s
4/21/2026 23:43,25.3 W,29.0 W,,,0.56%,0.55%,0%,0%,68.9 MB/s,-615 MB/s,68.9 MB/s,-616 MB/s
4/21/2026 23:44,296 W,296 W,61,61,35.40%,35.40%,41.50%,42.00%,504 MB/s,-1.37 GB/s,495 MB/s,-1.27 GB/s
4/21/2026 23:45,294 W,295 W,,,33.90%,33.90%,39.50%,41.20%,526 MB/s,-1.45 GB/s,513 MB/s,-1.32 GB/s
4/21/2026 23:46,297 W,298 W,65,69,33.50%,33.40%,38.80%,41.60%,565 MB/s,-1.65 GB/s,577 MB/s,-1.45 GB/s
4/21/2026 23:47,293 W,294 W,,,33.80%,33.80%,39.20%,42.70%,597 MB/s,-1.60 GB/s,567 MB/s,-1.37 GB/s
4/21/2026 23:48,293 W,295 W,67,70,33.70%,33.70%,38.90%,41.90%,597 MB/s,-1.62 GB/s,571 MB/s,-1.41 GB/s
4/21/2026 23:49,296 W,299 W,,,33.90%,33.90%,39.20%,42.50%,591 MB/s,-1.56 GB/s,564 MB/s,-1.37 GB/s
4/21/2026 23:50,155 W,182 W,60,67,34.10%,34.50%,39.40%,44.30%,602 MB/s,-1.62 GB/s,578 MB/s,-1.42 GB/s
4/21/2026 23:51,297 W,297 W,,,34.70%,34.60%,40.20%,44.90%,623 MB/s,-2.07 GB/s,564 MB/s,-1.63 GB/s
4/21/2026 23:52,292 W,298 W,66,69,34.80%,34.80%,43.20%,46.10%,540 MB/s,-1.54 GB/s,511 MB/s,-1.34 GB/s
4/21/2026 23:53,298 W,296 W,,,34.80%,34.80%,43.00%,46.00%,512 MB/s,-1.44 GB/s,487 MB/s,-1.27 GB/s
4/21/2026 23:54,260 W,263 W,63,71,34.60%,34.80%,42.90%,46.70%,494 MB/s,-1.39 GB/s,431 MB/s,-1.20 GB/s
4/21/2026 23:55,289 W,293 W,,,34.70%,34.70%,43.10%,47.00%,455 MB/s,-1.37 GB/s,432 MB/s,-1.19 GB/s
4/21/2026 23:56,293 W,299 W,64,70,34.70%,34.70%,41.60%,46.80%,524 MB/s,-1.89 GB/s,473 MB/s,-1.48 GB/s
4/21/2026 23:57,291 W,296 W,,,33.70%,33.70%,40.50%,43.50%,458 MB/s,-1.40 GB/s,470 MB/s,-1.21 GB/s
4/21/2026 23:58,295 W,299 W,66,70,33.60%,33.60%,40.00%,42.90%,506 MB/s,-1.44 GB/s,488 MB/s,-1.26 GB/s
4/21/2026 23:59,292 W,294 W,,,33.90%,33.90%,39.70%,43.20%,560 MB/s,-1.72 GB/s,527 MB/s,-1.44 GB/s
4/22/2026 0:00,291 W,295 W,67,71,34.10%,34.10%,40.20%,43.20%,546 MB/s,-1.52 GB/s,527 MB/s,-1.35 GB/s
4/22/2026 0:01,292 W,295 W,,,34.00%,34.00%,39.50%,42.40%,592 MB/s,-1.58 GB/s,571 MB/s,-1.40 GB/s
4/22/2026 0:02,291 W,293 W,65,71,33.80%,33.80%,38.80%,42.10%,595 MB/s,-1.59 GB/s,568 MB/s,-1.38 GB/s
4/22/2026 0:03,271 W,221 W,,,34.00%,34.00%,39.10%,42.50%,594 MB/s,-1.57 GB/s,568 MB/s,-1.38 GB/s
4/22/2026 0:04,231 W,281 W,65,67,34.80%,34.90%,41.10%,45.50%,665 MB/s,-2.05 GB/s,576 MB/s,-1.66 GB/s
4/22/2026 0:05,263 W,274 W,,,34.60%,34.60%,41.70%,44.60%,541 MB/s,-1.53 GB/s,512 MB/s,-1.33 GB/s
4/22/2026 0:06,295 W,295 W,63,71,34.80%,34.80%,42.20%,46.20%,531 MB/s,-1.54 GB/s,494 MB/s,-1.29 GB/s
4/22/2026 0:07,274 W,265 W,,,34.80%,34.70%,42.40%,46.00%,511 MB/s,-1.49 GB/s,476 MB/s,-1.25 GB/s
4/22/2026 0:08,289 W,296 W,65,70,34.70%,34.80%,43.60%,46.90%,461 MB/s,-1.42 GB/s,434 MB/s,-1.21 GB/s
4/22/2026 0:09,291 W,294 W,,,34.90%,34.90%,43.10%,46.60%,516 MB/s,-1.82 GB/s,475 MB/s,-1.48 GB/s
4/22/2026 0:10,291 W,297 W,68,71,34.00%,33.80%,41.30%,43.40%,441 MB/s,-1.32 GB/s,467 MB/s,-1.20 GB/s
4/22/2026 0:11,294 W,297 W,,,33.80%,33.80%,40.30%,43.40%,502 MB/s,-1.40 GB/s,486 MB/s,-1.25 GB/s
4/22/2026 0:12,292 W,298 W,62,70,33.60%,33.60%,39.00%,42.50%,552 MB/s,-1.67 GB/s,522 MB/s,-1.42 GB/s
4/22/2026 0:13,295 W,295 W,,,34.10%,34.10%,39.90%,43.10%,546 MB/s,-1.54 GB/s,523 MB/s,-1.33 GB/s
4/22/2026 0:14,292 W,293 W,64,70,34.00%,34.00%,39.40%,42.60%,596 MB/s,-1.59 GB/s,570 MB/s,-1.40 GB/s
4/22/2026 0:15,293 W,295 W,,,34.10%,34.10%,39.40%,42.50%,594 MB/s,-1.58 GB/s,570 MB/s,-1.39 GB/s
4/22/2026 0:16,294 W,297 W,64,70,33.80%,33.80%,38.50%,41.90%,595 MB/s,-1.60 GB/s,564 MB/s,-1.37 GB/s
4/22/2026 0:17,205 W,182 W,,,34.60%,35.00%,39.50%,45.50%,670 MB/s,-2.10 GB/s,592 MB/s,-1.68 GB/s
4/22/2026 0:18,295 W,297 W,63,70,35.00%,34.90%,42.10%,46.00%,550 MB/s,-1.57 GB/s,516 MB/s,-1.34 GB/s
4/22/2026 0:19,291 W,296 W,,,34.70%,34.60%,42.10%,45.30%,527 MB/s,-1.51 GB/s,498 MB/s,-1.31 GB/s
4/22/2026 0:20,289 W,294 W,66,69,35.00%,34.90%,42.70%,46.20%,508 MB/s,-1.44 GB/s,479 MB/s,-1.26 GB/s
4/22/2026 0:21,292 W,293 W,,,34.80%,34.80%,42.90%,47.10%,455 MB/s,-1.37 GB/s,433 MB/s,-1.21 GB/s
4/22/2026 0:22,292 W,295 W,67,70,34.70%,34.70%,42.20%,46.90%,518 MB/s,-1.83 GB/s,474 MB/s,-1.48 GB/s
4/22/2026 0:23,294 W,295 W,,,34.00%,33.60%,40.70%,42.80%,450 MB/s,-1.38 GB/s,447 MB/s,-1.17 GB/s
4/22/2026 0:24,294 W,297 W,66,69,33.80%,33.80%,40.00%,43.50%,509 MB/s,-1.46 GB/s,486 MB/s,-1.25 GB/s
4/22/2026 0:25,290 W,294 W,,,33.80%,33.90%,39.10%,43.20%,562 MB/s,-1.76 GB/s,525 MB/s,-1.43 GB/s
4/22/2026 0:26,292 W,296 W,67,69,34.10%,34.20%,40.10%,43.20%,546 MB/s,-1.52 GB/s,527 MB/s,-1.34 GB/s
4/22/2026 0:27,293 W,298 W,,,34.10%,34.10%,39.10%,42.50%,596 MB/s,-1.59 GB/s,571 MB/s,-1.40 GB/s
4/22/2026 0:28,292 W,296 W,65,68,34.10%,34.10%,39.00%,42.40%,592 MB/s,-1.58 GB/s,567 MB/s,-1.39 GB/s
4/22/2026 0:29,291 W,296 W,,,34.10%,34.10%,39.30%,42.40%,595 MB/s,-1.59 GB/s,569 MB/s,-1.39 GB/s
4/22/2026 0:30,215 W,197 W,65,68,34.40%,34.60%,39.40%,44.30%,662 MB/s,-2.04 GB/s,577 MB/s,-1.67 GB/s
4/22/2026 0:31,290 W,297 W,,,35.00%,35.00%,41.40%,46.10%,549 MB/s,-1.53 GB/s,518 MB/s,-1.34 GB/s
4/22/2026 0:32,296 W,295 W,64,69,34.90%,34.80%,42.10%,46.10%,526 MB/s,-1.48 GB/s,496 MB/s,-1.28 GB/s
4/22/2026 0:33,288 W,296 W,,,34.80%,34.80%,42.50%,46.00%,510 MB/s,-1.46 GB/s,476 MB/s,-1.23 GB/s
4/22/2026 0:34,290 W,294 W,64,69,34.70%,34.60%,43.50%,46.10%,462 MB/s,-1.43 GB/s,433 MB/s,-1.20 GB/s
4/22/2026 0:35,294 W,297 W,,,34.80%,34.80%,42.40%,46.60%,523 MB/s,-1.87 GB/s,473 MB/s,-1.47 GB/s
4/22/2026 0:36,27.7 W,33.8 W,42,46,0%,0%,0%,0%,24.5 kB/s,-6.45 kB/s,24.5 kB/s,-6.47 kB/s
4/22/2026 0:37,26.5 W,30.9 W,,,0%,0%,0%,0%,24.4 kB/s,-6.38 kB/s,24.2 kB/s,-6.31 kB/s
4/22/2026 0:38,25.6 W,29.8 W,32,34,0%,0%,0%,0%,24.2 kB/s,-6.28 kB/s,24.2 kB/s,-6.28 kB/s
4/22/2026 0:39,26.0 W,29.3 W,,,0%,0%,0%,0%,24.2 kB/s,-6.26 kB/s,24.2 kB/s,-6.23 kB/s
4/22/2026 0:40,25.7 W,29.4 W,29,31,0%,0%,0%,0%,24.1 kB/s,-6.25 kB/s,24.1 kB/s,-6.21 kB/s
4/22/2026 0:41,25.8 W,29.3 W,,,0%,0%,0%,0%,24.6 kB/s,-6.47 kB/s,24.4 kB/s,-6.35 kB/s
4/22/2026 0:42,25.8 W,29.2 W,29,30,0%,0%,0%,0%,24.2 kB/s,-6.30 kB/s,24.2 kB/s,-6.26 kB/s
4/22/2026 0:43,25.9 W,29.0 W,,,0%,0%,0%,0%,24.1 kB/s,-6.26 kB/s,24.4 kB/s,-6.33 kB/s
4/22/2026 0:44,25.7 W,28.6 W,29,29,0%,0%,0%,0%,24.2 kB/s,-6.28 kB/s,24.3 kB/s,-6.30 kB/s
4/22/2026 0:45,25.7 W,29.3 W,,,0%,0%,0%,0%,24.2 kB/s,-6.26 kB/s,24.3 kB/s,-6.33 kB/s
4/22/2026 0:46,25.6 W,29.2 W,28,29,0%,0%,0%,0%,24.1 kB/s,-6.19 kB/s,24.3 kB/s,-6.30 kB/s
4/22/2026 0:47,25.7 W,28.7 W,,,0%,0%,0%,0%,24.2 kB/s,-6.25 kB/s,24.0 kB/s,-6.30 kB/s
4/22/2026 0:48,25.5 W,29.0 W,28,29,0%,0%,0%,0%,24.2 kB/s,-6.26 kB/s,24.1 kB/s,-6.25 kB/s
4/22/2026 0:49,25.6 W,29.2 W,,,0%,0%,0%,0%,24.2 kB/s,-6.28 kB/s,24.2 kB/s,-6.30 kB/s
4/22/2026 0:50,25.6 W,28.8 W,28,29,0%,0%,0%,0%,24.1 kB/s,-6.25 kB/s,24.3 kB/s,-6.28 kB/s
4/22/2026 0:51,25.9 W,28.9 W,,,0%,0%,0%,0%,24.1 kB/s,-6.26 kB/s,24.2 kB/s,-6.26 kB/s
4/22/2026 0:52,25.5 W,29.1 W,28,29,0%,0%,0%,0%,24.2 kB/s,-6.28 kB/s,24.2 kB/s,-6.30 kB/s
4/22/2026 0:53,25.4 W,29.0 W,,,0%,0%,0%,0%,24.1 kB/s,-6.25 kB/s,24.3 kB/s,-6.31 kB/s
4/22/2026 0:54,25.3 W,29.1 W,28,29,0%,0%,0%,0%,24.2 kB/s,-6.30 kB/s,24.3 kB/s,-6.31 kB/s
4/22/2026 0:55,25.2 W,28.8 W,,,0%,0%,0%,0%,24.2 kB/s,-6.26 kB/s,24.3 kB/s,-6.30 kB/s
4/22/2026 0:56,25.5 W,28.7 W,28,29,0%,0%,0%,0%,24.1 kB/s,-6.25 kB/s,24.2 kB/s,-6.28 kB/s
4/22/2026 0:57,25.4 W,28.8 W,,,0%,0%,0%,0%,24.1 kB/s,-6.25 kB/s,24.2 kB/s,-6.28 kB/s
4/22/2026 0:58,25.5 W,28.8 W,28,29,0%,0%,0%,0%,24.1 kB/s,-6.21 kB/s,24.4 kB/s,-6.36 kB/s
4/22/2026 0:59,25.6 W,29.0 W,,,0%,0%,0%,0%,24.1 kB/s,-6.26 kB/s,24.2 kB/s,-6.28 kB/s
4/22/2026 1:00,25.2 W,29.0 W,28,29,0.00%,0%,0%,0%,146 kB/s,-56.3 kB/s,24.2 kB/s,-7.29 kB/s
4/22/2026 1:01,268 W,29.0 W,,,32.70%,0%,51.70%,0%,1.15 MB/s,-4.22 MB/s,24.2 kB/s,-111 kB/s
4/22/2026 1:02,296 W,29.1 W,65,28,32.20%,0%,56.40%,0%,1.09 MB/s,-3.69 MB/s,24.3 kB/s,-6.31 kB/s
4/22/2026 1:03,298 W,28.9 W,,,31.80%,0%,56.80%,0%,1.08 MB/s,-3.65 MB/s,24.3 kB/s,-6.31 kB/s
4/22/2026 1:04,290 W,28.9 W,66,28,31.70%,0%,56.90%,0%,1.08 MB/s,-3.64 MB/s,24.1 kB/s,-6.23 kB/s
4/22/2026 1:05,297 W,29.0 W,,,31.20%,0%,55.80%,0%,1.95 MB/s,-3.96 MB/s,24.2 kB/s,-6.54 kB/s
4/22/2026 1:06,298 W,28.9 W,66,27,31.50%,0%,57.10%,0%,1.06 MB/s,-3.57 MB/s,24.3 kB/s,-6.30 kB/s
4/22/2026 1:07,300 W,28.5 W,,,31.50%,0%,57.00%,0%,1.06 MB/s,-3.58 MB/s,24.1 kB/s,-6.23 kB/s
4/22/2026 1:08,293 W,29.1 W,67,27,31.50%,0%,57.10%,0%,1.06 MB/s,-3.59 MB/s,24.2 kB/s,-6.26 kB/s
4/22/2026 1:09,295 W,28.7 W,,,31.50%,0%,56.80%,0%,1.11 MB/s,-3.93 MB/s,24.1 kB/s,-6.25 kB/s
4/22/2026 1:10,297 W,28.9 W,68,27,31.50%,0%,57.10%,0%,1.06 MB/s,-3.58 MB/s,24.2 kB/s,-6.28 kB/s
4/22/2026 1:11,297 W,29.1 W,,,31.50%,0%,57.20%,0%,1.06 MB/s,-3.58 MB/s,24.2 kB/s,-6.28 kB/s
4/22/2026 1:12,299 W,29.1 W,68,27,31.30%,0%,57.30%,0%,1.05 MB/s,-3.56 MB/s,24.2 kB/s,-6.28 kB/s
4/22/2026 1:13,296 W,29.1 W,,,31.50%,0%,56.80%,0%,1.10 MB/s,-3.89 MB/s,24.2 kB/s,-6.26 kB/s
4/22/2026 1:14,299 W,29.4 W,67,27,31.50%,0%,57.00%,0%,1.07 MB/s,-3.60 MB/s,24.2 kB/s,-6.28 kB/s
4/22/2026 1:15,299 W,28.9 W,,,31.60%,0%,56.90%,0%,1.07 MB/s,-3.61 MB/s,24.2 kB/s,-6.26 kB/s
4/22/2026 1:16,291 W,28.9 W,66,27,31.70%,0%,57.00%,0%,1.07 MB/s,-3.61 MB/s,24.2 kB/s,-6.30 kB/s
4/22/2026 1:17,290 W,28.3 W,,,31.70%,0%,56.80%,0%,1.11 MB/s,-3.91 MB/s,24.2 kB/s,-6.28 kB/s
4/22/2026 1:18,298 W,28.5 W,67,27,31.60%,0%,57.00%,0%,1.08 MB/s,-3.65 MB/s,24.4 kB/s,-6.40 kB/s
4/22/2026 1:19,296 W,28.7 W,,,31.60%,0%,57.10%,0%,1.08 MB/s,-3.64 MB/s,24.3 kB/s,-6.33 kB/s
4/22/2026 1:20,296 W,28.7 W,66,27,31.60%,0%,57.00%,0%,1.08 MB/s,-3.63 MB/s,24.1 kB/s,-6.23 kB/s
4/22/2026 1:21,291 W,28.9 W,,,31.70%,0%,56.70%,0%,1.12 MB/s,-3.93 MB/s,24.2 kB/s,-6.30 kB/s
4/22/2026 1:22,297 W,28.9 W,67,27,31.60%,0%,57.00%,0%,1.08 MB/s,-3.63 MB/s,24.2 kB/s,-6.26 kB/s
4/22/2026 1:23,298 W,28.7 W,,,31.70%,0%,57.00%,0%,1.08 MB/s,-3.65 MB/s,24.2 kB/s,-6.30 kB/s
4/22/2026 1:24,295 W,28.7 W,66,27,31.70%,0%,57.00%,0%,1.08 MB/s,-3.65 MB/s,24.2 kB/s,-6.28 kB/s
4/22/2026 1:25,297 W,28.6 W,,,31.60%,0%,56.90%,0%,1.12 MB/s,-3.98 MB/s,24.2 kB/s,-6.28 kB/s
4/22/2026 1:26,297 W,28.6 W,67,27,31.60%,0%,57.10%,0%,1.08 MB/s,-3.62 MB/s,24.2 kB/s,-6.30 kB/s
4/22/2026 1:27,294 W,28.5 W,,,31.70%,0%,56.80%,0%,1.07 MB/s,-3.62 MB/s,24.3 kB/s,-6.35 kB/s
4/22/2026 1:28,298 W,28.9 W,65,27,31.60%,0%,57.00%,0%,1.07 MB/s,-3.61 MB/s,24.2 kB/s,-6.30 kB/s
4/22/2026 1:29,297 W,28.7 W,,,31.60%,0%,56.80%,0%,1.11 MB/s,-3.93 MB/s,24.2 kB/s,-6.30 kB/s
4/22/2026 1:30,296 W,28.9 W,67,27,31.60%,0%,56.90%,0%,1.06 MB/s,-3.58 MB/s,24.2 kB/s,-6.26 kB/s
4/22/2026 1:31,291 W,28.8 W,,,31.70%,0%,57.00%,0%,1.08 MB/s,-3.60 MB/s,24.2 kB/s,-6.30 kB/s
4/22/2026 1:32,299 W,29.0 W,67,27,31.60%,0%,57.00%,0%,1.06 MB/s,-3.58 MB/s,24.2 kB/s,-6.28 kB/s
4/22/2026 1:33,298 W,29.0 W,,,31.70%,0%,57.00%,0%,1.06 MB/s,-3.59 MB/s,24.3 kB/s,-6.33 kB/s
4/22/2026 1:34,297 W,28.8 W,66,27,31.60%,0%,57.10%,0%,1.07 MB/s,-3.60 MB/s,24.3 kB/s,-6.33 kB/s
4/22/2026 1:35,298 W,28.9 W,,,31.70%,0%,56.90%,0%,1.07 MB/s,-3.61 MB/s,24.3 kB/s,-6.31 kB/s
4/22/2026 1:36,297 W,28.8 W,67,27,31.60%,0%,57.00%,0%,1.07 MB/s,-3.60 MB/s,24.2 kB/s,-6.28 kB/s
4/22/2026 1:37,293 W,28.7 W,,,31.60%,0%,57.00%,0%,1.07 MB/s,-3.60 MB/s,24.2 kB/s,-6.30 kB/s
4/22/2026 1:38,298 W,28.6 W,65,27,31.60%,0%,56.90%,0%,1.08 MB/s,-3.63 MB/s,24.1 kB/s,-6.26 kB/s
4/22/2026 1:39,299 W,29.1 W,,,31.60%,0%,56.90%,0%,1.07 MB/s,-3.61 MB/s,24.2 kB/s,-6.26 kB/s
4/22/2026 1:40,295 W,28.9 W,68,27,31.60%,0%,57.00%,0%,1.07 MB/s,-3.61 MB/s,24.1 kB/s,-6.21 kB/s
4/22/2026 1:41,298 W,29.2 W,,,31.30%,0%,57.20%,0%,1.06 MB/s,-3.59 MB/s,24.2 kB/s,-6.30 kB/s
4/22/2026 1:42,300 W,28.8 W,67,27,31.60%,0%,56.90%,0%,1.08 MB/s,-3.64 MB/s,24.2 kB/s,-6.28 kB/s
4/22/2026 1:43,296 W,28.6 W,,,31.60%,0%,57.00%,0%,1.09 MB/s,-3.65 MB/s,24.2 kB/s,-6.28 kB/s
4/22/2026 1:44,297 W,28.8 W,66,27,31.60%,0%,57.10%,0%,1.08 MB/s,-3.65 MB/s,24.2 kB/s,-6.30 kB/s
4/22/2026 1:45,290 W,28.6 W,,,31.60%,0%,57.10%,0%,1.08 MB/s,-3.65 MB/s,24.2 kB/s,-6.26 kB/s
4/22/2026 1:46,297 W,28.7 W,68,27,31.60%,0%,57.00%,0%,1.07 MB/s,-3.62 MB/s,24.2 kB/s,-6.30 kB/s
4/22/2026 1:47,297 W,28.9 W,,,31.60%,0%,57.00%,0%,1.08 MB/s,-3.62 MB/s,24.1 kB/s,-6.25 kB/s
4/22/2026 1:48,297 W,28.8 W,66,27,31.50%,0%,57.10%,0%,1.07 MB/s,-3.62 MB/s,24.2 kB/s,-6.26 kB/s
4/22/2026 1:49,295 W,28.8 W,,,31.60%,0%,57.00%,0%,1.08 MB/s,-3.63 MB/s,24.1 kB/s,-6.23 kB/s
4/22/2026 1:50,293 W,28.7 W,66,27,31.70%,0%,56.90%,0%,1.06 MB/s,-3.58 MB/s,24.2 kB/s,-6.26 kB/s
4/22/2026 1:51,296 W,28.6 W,,,31.70%,0%,57.00%,0%,1.07 MB/s,-3.61 MB/s,24.2 kB/s,-6.30 kB/s
4/22/2026 1:52,294 W,28.6 W,66,27,31.60%,0%,57.00%,0%,1.07 MB/s,-3.62 MB/s,24.2 kB/s,-6.28 kB/s
4/22/2026 1:53,296 W,28.4 W,,,31.70%,0%,56.90%,0%,1.08 MB/s,-3.62 MB/s,24.1 kB/s,-6.23 kB/s
4/22/2026 1:54,298 W,28.7 W,66,27,31.60%,0%,56.90%,0%,1.07 MB/s,-3.60 MB/s,24.2 kB/s,-6.26 kB/s
4/22/2026 1:55,294 W,28.5 W,,,31.50%,0%,57.20%,0%,1.06 MB/s,-3.58 MB/s,24.2 kB/s,-6.28 kB/s
4/22/2026 1:56,296 W,28.7 W,66,27,31.60%,0%,56.90%,0%,1.06 MB/s,-3.57 MB/s,24.2 kB/s,-6.26 kB/s
4/22/2026 1:57,298 W,28.8 W,,,31.70%,0%,56.90%,0%,1.06 MB/s,-3.58 MB/s,24.2 kB/s,-6.28 kB/s
4/22/2026 1:58,297 W,28.7 W,66,27,31.70%,0%,56.80%,0%,1.07 MB/s,-3.62 MB/s,24.2 kB/s,-6.26 kB/s
4/22/2026 1:59,289 W,28.8 W,,,31.70%,0%,56.70%,0%,1.08 MB/s,-3.62 MB/s,24.3 kB/s,-6.30 kB/s
4/22/2026 2:00,290 W,28.7 W,63,27,31.70%,0%,56.90%,0%,1.07 MB/s,-3.62 MB/s,24.2 kB/s,-6.28 kB/s
4/22/2026 2:01,298 W,28.8 W,,,31.60%,0%,57.00%,0%,1.07 MB/s,-3.61 MB/s,24.3 kB/s,-6.31 kB/s
4/22/2026 2:02,298 W,28.9 W,66,27,31.60%,0%,56.90%,0%,1.12 MB/s,-3.95 MB/s,24.2 kB/s,-6.28 kB/s
4/22/2026 2:03,297 W,28.6 W,,,31.60%,0%,57.00%,0%,1.08 MB/s,-3.63 MB/s,24.2 kB/s,-6.30 kB/s
4/22/2026 2:04,297 W,28.8 W,66,27,31.60%,0%,56.90%,0%,1.08 MB/s,-3.64 MB/s,24.2 kB/s,-6.26 kB/s
4/22/2026 2:05,294 W,28.9 W,,,31.60%,0%,57.00%,0%,1.07 MB/s,-3.62 MB/s,24.2 kB/s,-6.28 kB/s
4/22/2026 2:06,298 W,28.8 W,67,27,31.60%,0%,56.80%,0%,1.09 MB/s,-3.88 MB/s,24.2 kB/s,-6.26 kB/s
4/22/2026 2:07,297 W,28.6 W,,,31.70%,0%,56.90%,0%,1.08 MB/s,-3.64 MB/s,24.3 kB/s,-6.30 kB/s
4/22/2026 2:08,299 W,28.8 W,67,27,31.60%,0%,57.00%,0%,1.08 MB/s,-3.64 MB/s,24.1 kB/s,-6.25 kB/s
4/22/2026 2:09,293 W,28.7 W,,,31.60%,0%,56.90%,0%,1.08 MB/s,-3.65 MB/s,24.2 kB/s,-6.30 kB/s
4/22/2026 2:10,298 W,28.9 W,66,27,31.60%,0%,56.70%,0%,1.11 MB/s,-3.93 MB/s,24.1 kB/s,-6.25 kB/s
4/22/2026 2:11,299 W,29.0 W,,,31.60%,0%,56.90%,0%,1.07 MB/s,-3.61 MB/s,24.3 kB/s,-6.31 kB/s
4/22/2026 2:12,294 W,28.8 W,67,27,31.50%,0%,57.00%,0%,1.07 MB/s,-3.60 MB/s,24.3 kB/s,-6.31 kB/s
4/22/2026 2:13,293 W,28.5 W,,,31.50%,0%,57.00%,0%,1.07 MB/s,-3.60 MB/s,24.3 kB/s,-6.33 kB/s
4/22/2026 2:14,289 W,28.5 W,67,27,31.60%,0%,56.80%,0%,1.12 MB/s,-3.94 MB/s,24.4 kB/s,-6.35 kB/s
4/22/2026 2:15,299 W,28.8 W,,,31.60%,0%,57.00%,0%,1.06 MB/s,-3.57 MB/s,24.3 kB/s,-6.33 kB/s
4/22/2026 2:16,297 W,28.9 W,66,27,31.70%,0%,56.90%,0%,1.07 MB/s,-3.59 MB/s,24.2 kB/s,-6.28 kB/s
4/22/2026 2:17,297 W,28.7 W,,,31.70%,0%,56.90%,0%,1.07 MB/s,-3.60 MB/s,24.1 kB/s,-6.25 kB/s
4/22/2026 2:18,275 W,28.5 W,66,27,31.60%,0%,56.50%,0%,1.11 MB/s,-3.92 MB/s,24.2 kB/s,-6.30 kB/s
4/22/2026 2:19,295 W,28.4 W,,,31.70%,0%,57.00%,0%,1.07 MB/s,-3.60 MB/s,24.2 kB/s,-6.26 kB/s
4/22/2026 2:20,293 W,28.6 W,66,27,31.70%,0%,56.90%,0%,1.07 MB/s,-3.60 MB/s,24.2 kB/s,-6.28 kB/s
4/22/2026 2:21,294 W,28.9 W,,,31.70%,0%,57.00%,0%,1.07 MB/s,-3.60 MB/s,24.2 kB/s,-6.30 kB/s
4/22/2026 2:22,293 W,28.3 W,67,27,25.20%,0%,35.50%,0%,53.2 MB/s,-3.14 MB/s,24.3 kB/s,-73.8 kB/s
4/22/2026 2:23,27.6 W,28.6 W,,,0%,0%,0%,0%,24.7 kB/s,-6.54 kB/s,24.5 kB/s,-6.45 kB/s
4/22/2026 2:24,26.1 W,28.8 W,33,28,0%,0%,0%,0%,24.2 kB/s,-6.26 kB/s,24.1 kB/s,-6.26 kB/s
4/22/2026 2:25,25.8 W,28.5 W,,,0%,0%,0%,0%,24.1 kB/s,-6.25 kB/s,24.1 kB/s,-6.23 kB/s
4/22/2026 2:26,25.8 W,28.6 W,29,28,0%,0%,0%,0%,24.1 kB/s,-6.21 kB/s,24.1 kB/s,-6.26 kB/s
4/22/2026 2:27,25.6 W,28.7 W,,,0%,0%,0%,0%,24.3 kB/s,-6.30 kB/s,24.1 kB/s,-6.23 kB/s
4/22/2026 2:28,25.7 W,29.1 W,28,28,0%,0%,0%,0%,24.2 kB/s,-6.26 kB/s,24.2 kB/s,-6.28 kB/s
4/22/2026 2:29,25.4 W,29.2 W,,,0%,0%,0%,0%,24.2 kB/s,-6.25 kB/s,24.2 kB/s,-6.26 kB/s
4/22/2026 2:30,25.5 W,28.6 W,28,28,0%,0%,0%,0%,24.2 kB/s,-6.25 kB/s,24.1 kB/s,-6.21 kB/s
4/22/2026 2:31,25.8 W,28.5 W,,,0%,0%,0%,0%,24.3 kB/s,-6.30 kB/s,24.4 kB/s,-6.35 kB/s
4/22/2026 2:32,25.6 W,28.5 W,28,28,0%,0%,0%,0%,24.3 kB/s,-6.30 kB/s,24.2 kB/s,-6.26 kB/s
4/22/2026 2:33,25.7 W,28.5 W,,,0%,0%,0%,0%,24.2 kB/s,-6.28 kB/s,24.1 kB/s,-6.25 kB/s
4/22/2026 2:34,25.5 W,28.5 W,28,28,0%,0%,0%,0%,24.2 kB/s,-6.25 kB/s,24.2 kB/s,-6.26 kB/s
4/22/2026 2:35,25.6 W,28.6 W,,,0%,0%,0%,0%,24.2 kB/s,-6.26 kB/s,24.1 kB/s,-6.23 kB/s
4/22/2026 2:36,25.3 W,28.9 W,28,28,0%,0%,0%,0%,24.2 kB/s,-6.25 kB/s,24.1 kB/s,-6.25 kB/s
4/22/2026 2:37,25.6 W,28.6 W,,,0%,0%,0%,0%,24.2 kB/s,-6.25 kB/s,24.2 kB/s,-6.26 kB/s
4/22/2026 2:38,25.4 W,29.0 W,28,28,0%,0%,0%,0%,24.2 kB/s,-6.28 kB/s,24.1 kB/s,-6.23 kB/s
4/22/2026 2:39,25.5 W,29.0 W,,,0%,0%,0%,0%,24.3 kB/s,-6.26 kB/s,24.1 kB/s,-6.25 kB/s
4/22/2026 2:40,25.5 W,28.8 W,28,28,0.65%,0%,0%,0%,68.2 MB/s,-609 MB/s,24.1 kB/s,-32.9 kB/s
4/22/2026 2:41,299 W,28.7 W,,,32.80%,0%,56.00%,0%,1.11 MB/s,-3.74 MB/s,24.1 kB/s,-9.62 kB/s
4/22/2026 2:42,298 W,28.8 W,65,28,31.90%,0%,56.80%,0%,1.08 MB/s,-3.64 MB/s,24.1 kB/s,-6.25 kB/s
4/22/2026 2:43,298 W,28.7 W,,,31.80%,0%,56.80%,0%,1.08 MB/s,-3.62 MB/s,24.3 kB/s,-6.35 kB/s
4/22/2026 2:44,296 W,28.9 W,66,27,31.70%,0%,56.90%,0%,1.07 MB/s,-3.61 MB/s,24.1 kB/s,-6.25 kB/s
4/22/2026 2:45,294 W,28.8 W,,,31.50%,0%,57.10%,0%,1.07 MB/s,-3.61 MB/s,24.1 kB/s,-6.23 kB/s
4/22/2026 2:46,297 W,28.6 W,66,27,31.40%,0%,57.20%,0%,1.07 MB/s,-3.60 MB/s,24.2 kB/s,-6.26 kB/s
4/22/2026 2:47,293 W,28.8 W,,,31.40%,0%,57.20%,0%,1.06 MB/s,-3.60 MB/s,24.2 kB/s,-6.28 kB/s
4/22/2026 2:48,297 W,28.8 W,66,27,31.50%,0%,57.00%,0%,1.07 MB/s,-3.60 MB/s,24.2 kB/s,-6.30 kB/s
4/22/2026 2:49,299 W,28.7 W,,,31.50%,0%,57.00%,0%,1.09 MB/s,-3.65 MB/s,24.3 kB/s,-6.30 kB/s
4/22/2026 2:50,294 W,28.5 W,66,27,31.60%,0%,56.90%,0%,1.08 MB/s,-3.65 MB/s,24.2 kB/s,-6.28 kB/s
4/22/2026 2:51,300 W,28.5 W,,,31.60%,0%,57.00%,0%,1.08 MB/s,-3.65 MB/s,24.1 kB/s,-6.25 kB/s
4/22/2026 2:52,290 W,28.7 W,68,27,31.60%,0%,57.00%,0%,1.08 MB/s,-3.65 MB/s,24.1 kB/s,-6.25 kB/s
4/22/2026 2:53,298 W,28.6 W,,,31.60%,0%,57.10%,0%,1.08 MB/s,-3.62 MB/s,24.2 kB/s,-6.30 kB/s
4/22/2026 2:54,298 W,29.0 W,67,27,31.70%,0%,57.00%,0%,1.08 MB/s,-3.63 MB/s,24.1 kB/s,-6.25 kB/s
4/22/2026 2:55,299 W,28.6 W,,,31.60%,0%,57.00%,0%,1.08 MB/s,-3.63 MB/s,24.2 kB/s,-6.26 kB/s
4/22/2026 2:56,299 W,28.9 W,66,27,31.60%,0%,57.00%,0%,1.08 MB/s,-3.64 MB/s,24.1 kB/s,-6.25 kB/s
4/22/2026 2:57,297 W,28.1 W,,,31.60%,0%,57.00%,0%,1.06 MB/s,-3.57 MB/s,24.2 kB/s,-6.26 kB/s
4/22/2026 2:58,295 W,28.6 W,67,27,31.50%,0%,57.00%,0%,1.07 MB/s,-3.60 MB/s,24.1 kB/s,-6.26 kB/s
4/22/2026 2:59,295 W,28.8 W,,,31.60%,0%,57.00%,0%,1.07 MB/s,-3.61 MB/s,24.1 kB/s,-6.23 kB/s
4/22/2026 3:00,294 W,28.4 W,67,27,31.60%,0%,57.00%,0%,1.08 MB/s,-3.62 MB/s,24.1 kB/s,-6.25 kB/s
4/22/2026 3:01,296 W,28.5 W,,,31.70%,0%,57.00%,0%,1.07 MB/s,-3.61 MB/s,24.3 kB/s,-6.31 kB/s
4/22/2026 3:02,298 W,28.8 W,67,27,31.50%,0%,57.10%,0%,1.06 MB/s,-3.59 MB/s,24.2 kB/s,-6.28 kB/s
4/22/2026 3:03,298 W,28.5 W,,,31.70%,0%,56.90%,0%,1.06 MB/s,-3.58 MB/s,24.2 kB/s,-6.26 kB/s
4/22/2026 3:04,294 W,28.5 W,67,27,31.70%,0%,56.90%,0%,1.06 MB/s,-3.58 MB/s,24.1 kB/s,-6.23 kB/s
4/22/2026 3:05,293 W,28.3 W,,,31.70%,0%,56.80%,0%,1.07 MB/s,-3.62 MB/s,24.2 kB/s,-6.28 kB/s
4/22/2026 3:06,293 W,28.5 W,65,27,31.80%,0%,56.90%,0%,1.08 MB/s,-3.63 MB/s,24.2 kB/s,-6.25 kB/s
4/22/2026 3:07,287 W,28.4 W,,,31.80%,0%,57.00%,0%,1.07 MB/s,-3.63 MB/s,24.2 kB/s,-6.25 kB/s
4/22/2026 3:08,300 W,28.5 W,67,27,31.80%,0%,56.90%,0%,1.08 MB/s,-3.64 MB/s,24.2 kB/s,-6.26 kB/s
4/22/2026 3:09,298 W,28.0 W,,,31.70%,0%,56.70%,0%,1.12 MB/s,-3.96 MB/s,24.3 kB/s,-6.31 kB/s
4/22/2026 3:10,299 W,28.1 W,66,27,31.70%,0%,56.90%,0%,1.09 MB/s,-3.67 MB/s,24.3 kB/s,-6.30 kB/s
4/22/2026 3:11,297 W,28.5 W,,,31.70%,0%,56.90%,0%,1.08 MB/s,-3.66 MB/s,24.2 kB/s,-6.30 kB/s
4/22/2026 3:12,297 W,28.6 W,67,27,31.70%,0%,56.90%,0%,1.08 MB/s,-3.65 MB/s,24.2 kB/s,-6.26 kB/s
4/22/2026 3:13,298 W,28.3 W,,,31.70%,0%,56.70%,0%,1.10 MB/s,-3.90 MB/s,24.2 kB/s,-6.28 kB/s
4/22/2026 3:14,294 W,28.3 W,68,27,31.50%,0%,57.00%,0%,1.07 MB/s,-3.63 MB/s,24.2 kB/s,-6.25 kB/s
4/22/2026 3:15,299 W,28.5 W,,,31.70%,0%,57.00%,0%,1.08 MB/s,-3.64 MB/s,24.2 kB/s,-6.26 kB/s
4/22/2026 3:16,299 W,28.5 W,67,27,31.70%,0%,57.00%,0%,1.08 MB/s,-3.65 MB/s,24.2 kB/s,-6.26 kB/s
4/22/2026 3:17,298 W,28.7 W,,,31.60%,0%,56.90%,0%,1.12 MB/s,-3.94 MB/s,24.2 kB/s,-6.26 kB/s
4/22/2026 3:18,300 W,28.7 W,66,27,31.60%,0%,57.00%,0%,1.07 MB/s,-3.63 MB/s,24.2 kB/s,-6.28 kB/s
4/22/2026 3:19,295 W,28.4 W,,,31.70%,0%,56.90%,0%,1.08 MB/s,-3.63 MB/s,24.2 kB/s,-6.28 kB/s
4/22/2026 3:20,294 W,28.7 W,65,27,31.70%,0%,56.90%,0%,1.07 MB/s,-3.63 MB/s,24.2 kB/s,-6.28 kB/s
4/22/2026 3:21,295 W,28.6 W,,,31.60%,0%,56.70%,0%,1.12 MB/s,-3.95 MB/s,24.2 kB/s,-6.26 kB/s
4/22/2026 3:22,298 W,28.7 W,67,27,31.60%,0%,57.00%,0%,1.06 MB/s,-3.57 MB/s,24.1 kB/s,-6.25 kB/s
4/22/2026 3:23,290 W,28.4 W,,,31.70%,0%,56.90%,0%,1.06 MB/s,-3.59 MB/s,24.2 kB/s,-6.26 kB/s
4/22/2026 3:24,300 W,28.7 W,67,27,31.60%,0%,57.00%,0%,1.07 MB/s,-3.59 MB/s,24.2 kB/s,-6.26 kB/s
4/22/2026 3:25,298 W,29.1 W,,,31.70%,0%,56.70%,0%,1.11 MB/s,-3.93 MB/s,24.3 kB/s,-6.33 kB/s
4/22/2026 3:26,298 W,28.5 W,67,27,31.80%,0%,56.80%,0%,1.08 MB/s,-3.63 MB/s,24.1 kB/s,-6.25 kB/s
4/22/2026 3:27,298 W,28.7 W,,,31.70%,0%,56.90%,0%,1.07 MB/s,-3.62 MB/s,24.3 kB/s,-6.31 kB/s
4/22/2026 3:28,295 W,28.5 W,67,27,31.80%,0%,56.90%,0%,1.07 MB/s,-3.62 MB/s,24.1 kB/s,-6.25 kB/s
4/22/2026 3:29,289 W,28.6 W,,,31.80%,0%,56.70%,0%,1.11 MB/s,-3.92 MB/s,24.2 kB/s,-6.30 kB/s
4/22/2026 3:30,298 W,28.5 W,67,27,31.70%,0%,57.00%,0%,1.08 MB/s,-3.63 MB/s,24.3 kB/s,-6.31 kB/s
4/22/2026 3:31,297 W,28.7 W,,,31.60%,0%,57.00%,0%,1.07 MB/s,-3.62 MB/s,24.2 kB/s,-6.26 kB/s
4/22/2026 3:32,295 W,28.6 W,67,27,31.80%,0%,56.80%,0%,1.09 MB/s,-3.65 MB/s,24.2 kB/s,-6.26 kB/s
4/22/2026 3:33,297 W,28.7 W,,,31.80%,0%,56.70%,0%,1.12 MB/s,-3.95 MB/s,24.3 kB/s,-6.33 kB/s
4/22/2026 3:34,295 W,28.7 W,67,27,31.70%,0%,56.90%,0%,1.08 MB/s,-3.66 MB/s,24.3 kB/s,-6.31 kB/s
4/22/2026 3:35,299 W,28.6 W,,,31.80%,0%,56.90%,0%,1.09 MB/s,-3.67 MB/s,24.3 kB/s,-6.33 kB/s
4/22/2026 3:36,297 W,28.4 W,66,26,31.60%,0%,57.10%,0%,1.09 MB/s,-3.66 MB/s,24.2 kB/s,-6.26 kB/s
4/22/2026 3:37,299 W,28.8 W,,,31.70%,0%,56.70%,0%,1.12 MB/s,-3.98 MB/s,24.2 kB/s,-6.26 kB/s
4/22/2026 3:38,295 W,28.9 W,68,27,31.50%,0%,57.10%,0%,1.07 MB/s,-3.61 MB/s,24.2 kB/s,-6.28 kB/s
4/22/2026 3:39,297 W,28.8 W,,,31.60%,0%,57.00%,0%,1.07 MB/s,-3.61 MB/s,24.2 kB/s,-6.28 kB/s
4/22/2026 3:40,291 W,29.1 W,67,27,31.50%,0%,57.20%,0%,1.07 MB/s,-3.61 MB/s,24.2 kB/s,-6.30 kB/s
4/22/2026 3:41,298 W,28.6 W,,,31.70%,0%,57.00%,0%,1.07 MB/s,-3.62 MB/s,24.2 kB/s,-6.26 kB/s
4/22/2026 3:42,298 W,28.9 W,66,27,31.70%,0%,57.00%,0%,1.06 MB/s,-3.60 MB/s,24.2 kB/s,-6.28 kB/s
4/22/2026 3:43,298 W,29.2 W,,,31.70%,0%,57.00%,0%,1.07 MB/s,-3.60 MB/s,24.2 kB/s,-6.25 kB/s
4/22/2026 3:44,298 W,28.8 W,65,27,31.80%,0%,56.80%,0%,1.07 MB/s,-3.61 MB/s,24.2 kB/s,-6.28 kB/s
4/22/2026 3:45,295 W,28.7 W,,,31.70%,0%,56.90%,0%,1.07 MB/s,-3.60 MB/s,24.2 kB/s,-6.28 kB/s
4/22/2026 3:46,293 W,28.7 W,68,27,31.70%,0%,56.80%,0%,1.07 MB/s,-3.62 MB/s,24.2 kB/s,-6.28 kB/s
4/22/2026 3:47,297 W,28.8 W,,,31.60%,0%,56.90%,0%,1.07 MB/s,-3.61 MB/s,24.2 kB/s,-6.30 kB/s
4/22/2026 3:48,295 W,28.7 W,67,27,31.60%,0%,57.00%,0%,1.07 MB/s,-3.60 MB/s,24.2 kB/s,-6.26 kB/s
4/22/2026 3:49,297 W,28.9 W,,,31.60%,0%,57.00%,0%,1.06 MB/s,-3.60 MB/s,24.1 kB/s,-6.25 kB/s
4/22/2026 3:50,298 W,28.5 W,66,27,31.70%,0%,56.90%,0%,1.07 MB/s,-3.62 MB/s,24.2 kB/s,-6.26 kB/s
4/22/2026 3:51,295 W,29.0 W,,,31.50%,0%,57.20%,0%,1.06 MB/s,-3.60 MB/s,24.1 kB/s,-6.23 kB/s
4/22/2026 3:52,294 W,28.4 W,67,27,31.80%,0%,56.80%,0%,1.08 MB/s,-3.63 MB/s,24.2 kB/s,-6.26 kB/s
4/22/2026 3:53,298 W,28.7 W,,,31.70%,0%,56.90%,0%,1.08 MB/s,-3.63 MB/s,24.2 kB/s,-6.25 kB/s
4/22/2026 3:54,297 W,28.9 W,67,27,31.70%,0%,56.80%,0%,1.09 MB/s,-3.66 MB/s,24.2 kB/s,-6.26 kB/s
4/22/2026 3:55,299 W,28.8 W,,,31.80%,0%,56.90%,0%,1.09 MB/s,-3.67 MB/s,24.2 kB/s,-6.28 kB/s
4/22/2026 3:56,293 W,28.9 W,66,27,31.80%,0%,56.90%,0%,1.10 MB/s,-3.68 MB/s,24.2 kB/s,-6.25 kB/s
4/22/2026 3:57,291 W,28.3 W,,,31.70%,0%,56.90%,0%,1.09 MB/s,-3.67 MB/s,24.2 kB/s,-6.26 kB/s
4/22/2026 3:58,298 W,28.7 W,66,27,31.80%,0%,56.90%,0%,1.08 MB/s,-3.64 MB/s,24.2 kB/s,-6.28 kB/s
4/22/2026 3:59,299 W,28.4 W,,,31.70%,0%,56.90%,0%,1.08 MB/s,-3.64 MB/s,24.2 kB/s,-6.26 kB/s
4/22/2026 4:00,299 W,28.7 W,67,27,31.60%,0%,57.00%,0%,1.08 MB/s,-3.63 MB/s,24.2 kB/s,-6.28 kB/s
4/22/2026 4:01,299 W,29.2 W,,,31.70%,0%,56.80%,0%,1.08 MB/s,-3.65 MB/s,24.3 kB/s,-6.33 kB/s
4/22/2026 4:02,28.8 W,28.7 W,45,27,0%,0%,0%,0%,24.6 kB/s,-6.54 kB/s,24.1 kB/s,-6.25 kB/s
4/22/2026 4:03,26.3 W,29.1 W,,,0%,0%,0%,0%,24.3 kB/s,-6.35 kB/s,24.2 kB/s,-6.26 kB/s
4/22/2026 4:04,25.9 W,28.6 W,31,28,0%,0%,0%,0%,24.2 kB/s,-6.31 kB/s,24.2 kB/s,-6.28 kB/s
4/22/2026 4:05,25.7 W,29.0 W,,,0%,0%,0%,0%,24.2 kB/s,-6.30 kB/s,24.3 kB/s,-6.33 kB/s
4/22/2026 4:06,25.6 W,29.1 W,28,28,0%,0%,0%,0%,24.1 kB/s,-6.25 kB/s,24.3 kB/s,-6.31 kB/s
4/22/2026 4:07,25.6 W,28.9 W,,,0%,0%,0%,0%,24.2 kB/s,-6.26 kB/s,24.2 kB/s,-6.28 kB/s
4/22/2026 4:08,25.2 W,29.0 W,28,28,0%,0%,0%,0%,24.3 kB/s,-6.30 kB/s,24.1 kB/s,-6.23 kB/s
4/22/2026 4:09,25.4 W,28.9 W,,,0%,0%,0%,0%,24.3 kB/s,-6.30 kB/s,24.1 kB/s,-6.26 kB/s
4/22/2026 4:10,25.3 W,29.0 W,28,28,0%,0%,0%,0%,24.3 kB/s,-6.28 kB/s,24.5 kB/s,-6.47 kB/s
4/22/2026 4:11,25.4 W,29.0 W,,,0%,0%,0%,0%,24.2 kB/s,-6.28 kB/s,24.2 kB/s,-6.28 kB/s
4/22/2026 4:12,25.4 W,28.7 W,28,28,0%,0%,0%,0%,24.3 kB/s,-6.30 kB/s,24.1 kB/s,-6.25 kB/s
4/22/2026 4:13,25.5 W,28.9 W,,,0%,0%,0%,0%,24.3 kB/s,-6.33 kB/s,24.2 kB/s,-6.26 kB/s
4/22/2026 4:14,25.4 W,29.0 W,28,28,0%,0%,0%,0%,24.2 kB/s,-6.28 kB/s,24.3 kB/s,-6.31 kB/s
4/22/2026 4:15,25.5 W,28.4 W,,,0%,0%,0%,0%,24.3 kB/s,-6.31 kB/s,24.2 kB/s,-6.28 kB/s
4/22/2026 4:16,25.7 W,28.7 W,28,28,0%,0%,0%,0%,24.2 kB/s,-6.28 kB/s,24.2 kB/s,-6.30 kB/s
4/22/2026 4:17,25.3 W,29.0 W,,,0%,0%,0%,0%,24.2 kB/s,-6.25 kB/s,24.2 kB/s,-6.30 kB/s
4/22/2026 4:18,25.6 W,29.2 W,28,28,0%,0%,0%,0%,24.2 kB/s,-6.28 kB/s,24.2 kB/s,-6.26 kB/s
4/22/2026 4:19,25.3 W,28.8 W,,,0%,0%,0%,0%,24.2 kB/s,-6.28 kB/s,24.2 kB/s,-6.28 kB/s
4/22/2026 4:20,25.3 W,29.2 W,27,28,0.64%,0%,0%,0%,68.2 MB/s,-609 MB/s,24.2 kB/s,-33.0 kB/s
4/22/2026 4:21,297 W,29.2 W,,,32.70%,0%,56.00%,0%,1.11 MB/s,-3.74 MB/s,24.2 kB/s,-9.66 kB/s
4/22/2026 4:22,298 W,29.1 W,65,27,32.00%,0%,56.70%,0%,1.08 MB/s,-3.65 MB/s,24.1 kB/s,-6.25 kB/s
4/22/2026 4:23,297 W,28.8 W,,,31.70%,0%,56.90%,0%,1.07 MB/s,-3.63 MB/s,24.1 kB/s,-6.25 kB/s
4/22/2026 4:24,298 W,28.5 W,65,27,31.70%,0%,56.90%,0%,1.07 MB/s,-3.62 MB/s,24.2 kB/s,-6.26 kB/s
4/22/2026 4:25,294 W,28.9 W,,,31.40%,0%,57.30%,0%,1.07 MB/s,-3.60 MB/s,24.4 kB/s,-6.35 kB/s
4/22/2026 4:26,299 W,28.6 W,66,27,31.50%,0%,57.20%,0%,1.07 MB/s,-3.61 MB/s,24.1 kB/s,-6.21 kB/s
4/22/2026 4:27,296 W,28.6 W,,,31.50%,0%,57.10%,0%,1.07 MB/s,-3.61 MB/s,24.2 kB/s,-6.26 kB/s
4/22/2026 4:28,300 W,28.9 W,66,27,31.50%,0%,57.20%,0%,1.07 MB/s,-3.60 MB/s,24.1 kB/s,-6.25 kB/s
4/22/2026 4:29,295 W,29.0 W,,,31.30%,0%,57.30%,0%,1.07 MB/s,-3.63 MB/s,24.2 kB/s,-6.28 kB/s
4/22/2026 4:30,295 W,28.5 W,67,27,31.50%,0%,57.00%,0%,1.08 MB/s,-3.64 MB/s,24.2 kB/s,-6.28 kB/s
4/22/2026 4:31,294 W,28.7 W,,,31.50%,0%,57.00%,0%,1.08 MB/s,-3.64 MB/s,24.2 kB/s,-6.26 kB/s
4/22/2026 4:32,296 W,28.4 W,65,27,31.50%,0%,56.90%,0%,1.08 MB/s,-3.64 MB/s,24.2 kB/s,-6.28 kB/s
4/22/2026 4:33,293 W,28.9 W,,,31.70%,0%,57.00%,0%,1.08 MB/s,-3.62 MB/s,24.3 kB/s,-6.28 kB/s
4/22/2026 4:34,297 W,28.8 W,66,27,31.60%,0%,57.00%,0%,1.07 MB/s,-3.62 MB/s,24.2 kB/s,-6.30 kB/s
4/22/2026 4:35,298 W,28.8 W,,,31.70%,0%,56.90%,0%,1.07 MB/s,-3.63 MB/s,24.3 kB/s,-6.30 kB/s
4/22/2026 4:36,298 W,28.5 W,66,27,31.70%,0%,57.00%,0%,1.08 MB/s,-3.63 MB/s,24.2 kB/s,-6.26 kB/s
4/22/2026 4:37,299 W,28.4 W,,,31.70%,0%,56.90%,0%,1.06 MB/s,-3.58 MB/s,24.1 kB/s,-6.25 kB/s
4/22/2026 4:38,298 W,28.6 W,66,27,31.60%,0%,56.90%,0%,1.07 MB/s,-3.61 MB/s,24.2 kB/s,-6.28 kB/s
4/22/2026 4:39,299 W,28.3 W,,,31.60%,0%,57.00%,0%,1.07 MB/s,-3.60 MB/s,24.2 kB/s,-6.30 kB/s
4/22/2026 4:40,295 W,28.8 W,68,27,31.50%,0%,57.00%,0%,1.07 MB/s,-3.60 MB/s,24.1 kB/s,-6.25 kB/s
4/22/2026 4:41,296 W,28.8 W,,,31.60%,0%,57.00%,0%,1.07 MB/s,-3.60 MB/s,24.2 kB/s,-6.25 kB/s
4/22/2026 4:42,297 W,29.0 W,67,27,31.80%,0%,56.90%,0%,1.07 MB/s,-3.60 MB/s,24.2 kB/s,-6.26 kB/s
4/22/2026 4:43,299 W,28.7 W,,,31.50%,0%,57.10%,0%,1.06 MB/s,-3.58 MB/s,24.2 kB/s,-6.25 kB/s
4/22/2026 4:44,297 W,29.0 W,67,27,31.70%,0%,56.90%,0%,1.06 MB/s,-3.58 MB/s,24.1 kB/s,-6.23 kB/s
4/22/2026 4:45,298 W,28.8 W,,,31.70%,0%,56.90%,0%,1.08 MB/s,-3.61 MB/s,24.2 kB/s,-6.28 kB/s
4/22/2026 4:46,298 W,28.8 W,67,27,31.70%,0%,56.90%,0%,1.07 MB/s,-3.62 MB/s,24.3 kB/s,-6.31 kB/s
4/22/2026 4:47,290 W,28.3 W,,,31.70%,0%,56.90%,0%,1.07 MB/s,-3.62 MB/s,24.3 kB/s,-6.33 kB/s
4/22/2026 4:48,300 W,28.4 W,64,27,31.50%,0%,57.00%,0%,1.07 MB/s,-3.60 MB/s,24.2 kB/s,-6.26 kB/s
4/22/2026 4:49,298 W,28.4 W,,,31.60%,0%,56.90%,0%,1.11 MB/s,-3.95 MB/s,24.1 kB/s,-6.25 kB/s
4/22/2026 4:50,298 W,28.5 W,66,27,31.60%,0%,57.00%,0%,1.09 MB/s,-3.65 MB/s,24.1 kB/s,-6.23 kB/s
4/22/2026 4:51,297 W,28.6 W,,,31.60%,0%,57.10%,0%,1.08 MB/s,-3.64 MB/s,24.1 kB/s,-6.21 kB/s
4/22/2026 4:52,295 W,28.5 W,67,27,31.60%,0%,57.00%,0%,1.08 MB/s,-3.63 MB/s,24.1 kB/s,-6.21 kB/s
4/22/2026 4:53,299 W,28.8 W,,,31.70%,0%,56.70%,0%,1.10 MB/s,-3.89 MB/s,24.1 kB/s,-6.23 kB/s
4/22/2026 4:54,297 W,28.5 W,65,27,31.80%,0%,56.80%,0%,1.09 MB/s,-3.65 MB/s,24.3 kB/s,-6.30 kB/s
4/22/2026 4:55,294 W,28.8 W,,,31.70%,0%,56.90%,0%,1.08 MB/s,-3.65 MB/s,24.2 kB/s,-6.28 kB/s
4/22/2026 4:56,297 W,28.9 W,66,27,31.80%,0%,56.80%,0%,1.08 MB/s,-3.66 MB/s,24.1 kB/s,-6.26 kB/s
4/22/2026 4:57,297 W,29.0 W,,,31.70%,0%,56.80%,0%,1.11 MB/s,-3.93 MB/s,24.0 kB/s,-6.18 kB/s
4/22/2026 4:58,295 W,28.8 W,67,27,31.80%,0%,56.80%,0%,1.08 MB/s,-3.64 MB/s,24.0 kB/s,-6.19 kB/s
4/22/2026 4:59,298 W,28.8 W,,,31.60%,0%,57.10%,0%,1.08 MB/s,-3.63 MB/s,24.1 kB/s,-6.25 kB/s
4/22/2026 5:00,295 W,28.7 W,67,27,31.70%,0%,56.90%,0%,1.07 MB/s,-3.62 MB/s,24.1 kB/s,-6.25 kB/s
4/22/2026 5:01,299 W,29.0 W,,,31.80%,0%,56.60%,0%,1.12 MB/s,-3.95 MB/s,24.2 kB/s,-6.28 kB/s
4/22/2026 5:02,294 W,28.7 W,66,27,31.70%,0%,56.80%,0%,1.06 MB/s,-3.59 MB/s,24.2 kB/s,-6.26 kB/s
4/22/2026 5:03,298 W,29.0 W,,,31.70%,0%,56.80%,0%,1.06 MB/s,-3.58 MB/s,24.2 kB/s,-6.26 kB/s
4/22/2026 5:04,291 W,28.8 W,67,27,31.70%,0%,56.90%,0%,1.06 MB/s,-3.59 MB/s,24.4 kB/s,-6.38 kB/s
4/22/2026 5:05,300 W,28.9 W,,,31.70%,0%,56.70%,0%,1.10 MB/s,-3.91 MB/s,24.2 kB/s,-6.28 kB/s
4/22/2026 5:06,298 W,29.0 W,67,27,31.70%,0%,56.90%,0%,1.07 MB/s,-3.62 MB/s,24.2 kB/s,-6.26 kB/s
4/22/2026 5:07,298 W,28.7 W,,,31.80%,0%,56.80%,0%,1.08 MB/s,-3.63 MB/s,24.2 kB/s,-6.26 kB/s
4/22/2026 5:08,297 W,28.7 W,67,27,31.70%,0%,56.90%,0%,1.07 MB/s,-3.61 MB/s,24.1 kB/s,-6.25 kB/s
4/22/2026 5:09,293 W,28.7 W,,,31.70%,0%,56.80%,0%,1.10 MB/s,-3.90 MB/s,24.3 kB/s,-6.30 kB/s
4/22/2026 5:10,296 W,28.5 W,67,27,31.70%,0%,56.90%,0%,1.09 MB/s,-3.65 MB/s,24.3 kB/s,-6.30 kB/s
4/22/2026 5:11,295 W,28.7 W,,,31.70%,0%,56.80%,0%,1.08 MB/s,-3.64 MB/s,24.3 kB/s,-6.33 kB/s
4/22/2026 5:12,295 W,28.9 W,67,27,31.70%,0%,57.00%,0%,1.08 MB/s,-3.64 MB/s,24.3 kB/s,-6.30 kB/s
4/22/2026 5:13,298 W,29.0 W,,,31.70%,0%,56.60%,0%,1.11 MB/s,-3.94 MB/s,24.2 kB/s,-6.25 kB/s
4/22/2026 5:14,293 W,28.5 W,67,27,31.80%,0%,56.70%,0%,1.09 MB/s,-3.66 MB/s,24.3 kB/s,-6.30 kB/s
4/22/2026 5:15,299 W,28.7 W,,,31.60%,0%,56.90%,0%,1.08 MB/s,-3.64 MB/s,24.2 kB/s,-6.23 kB/s
4/22/2026 5:16,298 W,28.5 W,66,27,31.70%,0%,56.90%,0%,1.08 MB/s,-3.66 MB/s,24.2 kB/s,-6.26 kB/s
4/22/2026 5:17,299 W,28.9 W,,,31.80%,0%,56.50%,0%,1.13 MB/s,-4.00 MB/s,24.2 kB/s,-6.28 kB/s
4/22/2026 5:18,299 W,28.8 W,68,27,31.70%,0%,56.80%,0%,1.08 MB/s,-3.63 MB/s,24.2 kB/s,-6.28 kB/s
4/22/2026 5:19,298 W,28.8 W,,,31.80%,0%,56.70%,0%,1.08 MB/s,-3.64 MB/s,24.2 kB/s,-6.30 kB/s
4/22/2026 5:20,296 W,29.0 W,67,27,31.80%,0%,56.80%,0%,1.08 MB/s,-3.63 MB/s,24.2 kB/s,-6.26 kB/s
4/22/2026 5:21,299 W,28.9 W,,,31.70%,0%,56.80%,0%,1.12 MB/s,-3.94 MB/s,24.2 kB/s,-6.30 kB/s
4/22/2026 5:22,290 W,28.2 W,67,27,31.80%,0%,56.90%,0%,1.06 MB/s,-3.59 MB/s,24.2 kB/s,-6.28 kB/s
4/22/2026 5:23,294 W,28.5 W,,,31.80%,0%,56.80%,0%,1.06 MB/s,-3.60 MB/s,24.2 kB/s,-6.28 kB/s
4/22/2026 5:24,298 W,28.4 W,68,27,31.70%,0%,56.80%,0%,1.06 MB/s,-3.59 MB/s,24.2 kB/s,-6.25 kB/s
4/22/2026 5:25,297 W,28.5 W,,,31.60%,0%,56.90%,0%,1.06 MB/s,-3.59 MB/s,24.3 kB/s,-6.31 kB/s
4/22/2026 5:26,299 W,28.8 W,67,27,31.70%,0%,56.90%,0%,1.07 MB/s,-3.62 MB/s,24.3 kB/s,-6.33 kB/s
4/22/2026 5:27,295 W,28.9 W,,,31.70%,0%,56.80%,0%,1.07 MB/s,-3.62 MB/s,24.2 kB/s,-6.28 kB/s
4/22/2026 5:28,295 W,28.5 W,65,27,31.80%,0%,56.80%,0%,1.07 MB/s,-3.62 MB/s,24.2 kB/s,-6.26 kB/s
4/22/2026 5:29,293 W,28.2 W,,,31.80%,0%,56.80%,0%,1.07 MB/s,-3.62 MB/s,24.2 kB/s,-6.25 kB/s
4/22/2026 5:30,294 W,28.7 W,66,27,31.80%,0%,56.80%,0%,1.08 MB/s,-3.65 MB/s,24.2 kB/s,-6.25 kB/s
4/22/2026 5:31,295 W,28.8 W,,,31.70%,0%,56.90%,0%,1.08 MB/s,-3.63 MB/s,24.2 kB/s,-6.26 kB/s
4/22/2026 5:32,298 W,28.6 W,67,27,31.70%,0%,56.90%,0%,1.07 MB/s,-3.63 MB/s,24.2 kB/s,-6.28 kB/s
4/22/2026 5:33,295 W,28.2 W,,,31.80%,0%,56.80%,0%,1.08 MB/s,-3.64 MB/s,24.3 kB/s,-6.31 kB/s
4/22/2026 5:34,298 W,28.9 W,66,27,31.80%,0%,56.80%,0%,1.08 MB/s,-3.66 MB/s,24.3 kB/s,-6.30 kB/s
4/22/2026 5:35,298 W,28.6 W,,,31.70%,0%,56.90%,0%,1.09 MB/s,-3.66 MB/s,24.3 kB/s,-6.28 kB/s
4/22/2026 5:36,293 W,28.8 W,68,27,31.70%,0%,56.80%,0%,1.08 MB/s,-3.66 MB/s,24.2 kB/s,-6.28 kB/s
4/22/2026 5:37,296 W,28.7 W,,,31.60%,0%,56.90%,0%,1.08 MB/s,-3.65 MB/s,24.2 kB/s,-6.28 kB/s
4/22/2026 5:38,295 W,28.7 W,66,27,31.70%,0%,56.90%,0%,1.07 MB/s,-3.63 MB/s,24.2 kB/s,-6.25 kB/s
4/22/2026 5:39,299 W,28.4 W,,,31.70%,0%,56.90%,0%,1.07 MB/s,-3.62 MB/s,24.2 kB/s,-6.25 kB/s
4/22/2026 5:40,293 W,28.4 W,66,27,31.70%,0%,57.00%,0%,1.07 MB/s,-3.62 MB/s,24.2 kB/s,-6.26 kB/s
4/22/2026 5:41,298 W,28.4 W,,,31.70%,0%,56.90%,0%,1.08 MB/s,-3.63 MB/s,24.2 kB/s,-6.26 kB/s
4/22/2026 5:42,28.5 W,29.4 W,45,27,0%,0%,0%,0%,24.6 kB/s,-6.52 kB/s,24.3 kB/s,-6.33 kB/s
4/22/2026 5:43,26.3 W,28.6 W,,,0%,0%,0%,0%,24.2 kB/s,-6.31 kB/s,24.2 kB/s,-6.28 kB/s
4/22/2026 5:44,25.6 W,28.4 W,31,28,0%,0%,0%,0%,24.2 kB/s,-6.31 kB/s,24.1 kB/s,-6.25 kB/s
4/22/2026 5:45,25.2 W,28.6 W,,,0%,0%,0%,0%,24.3 kB/s,-6.31 kB/s,24.2 kB/s,-6.26 kB/s
4/22/2026 5:46,24.9 W,28.7 W,28,28,0%,0%,0%,0%,24.3 kB/s,-6.31 kB/s,24.2 kB/s,-6.28 kB/s
4/22/2026 5:47,25.1 W,28.4 W,,,0%,0%,0%,0%,24.1 kB/s,-6.25 kB/s,24.1 kB/s,-6.23 kB/s
4/22/2026 5:48,24.9 W,28.6 W,28,28,0%,0%,0%,0%,24.2 kB/s,-6.28 kB/s,24.1 kB/s,-6.23 kB/s
4/22/2026 5:49,25.1 W,28.8 W,,,0%,0%,0%,0%,24.2 kB/s,-6.30 kB/s,24.1 kB/s,-6.25 kB/s
4/22/2026 5:50,24.8 W,28.3 W,28,28,0%,0%,0%,0%,24.2 kB/s,-6.26 kB/s,24.1 kB/s,-6.23 kB/s
4/22/2026 5:51,25.0 W,28.6 W,,,0%,0%,0%,0%,24.2 kB/s,-6.26 kB/s,24.1 kB/s,-6.25 kB/s
4/22/2026 5:52,24.8 W,28.9 W,27,28,0%,0%,0%,0%,24.2 kB/s,-6.25 kB/s,24.2 kB/s,-6.26 kB/s
4/22/2026 5:53,24.9 W,29.1 W,,,0%,0%,0%,0%,24.3 kB/s,-6.31 kB/s,24.2 kB/s,-6.28 kB/s
4/22/2026 5:54,24.8 W,28.7 W,28,28,0%,0%,0%,0%,24.3 kB/s,-6.30 kB/s,24.2 kB/s,-6.25 kB/s
4/22/2026 5:55,24.8 W,28.4 W,,,0%,0%,0%,0%,24.7 kB/s,-6.52 kB/s,24.2 kB/s,-6.26 kB/s
4/22/2026 5:56,24.9 W,28.7 W,27,28,0%,0%,0%,0%,24.2 kB/s,-6.25 kB/s,24.2 kB/s,-6.25 kB/s
4/22/2026 5:57,24.9 W,28.1 W,,,0%,0%,0%,0%,24.2 kB/s,-6.23 kB/s,24.1 kB/s,-6.21 kB/s
4/22/2026 5:58,24.8 W,28.2 W,27,28,0%,0%,0%,0%,24.4 kB/s,-6.36 kB/s,24.1 kB/s,-6.25 kB/s
4/22/2026 5:59,24.9 W,28.4 W,,,0%,0%,0%,0%,24.3 kB/s,-6.28 kB/s,24.1 kB/s,-6.25 kB/s
4/22/2026 6:00,25.1 W,28.2 W,27,28,0.58%,0%,0%,0%,68.2 MB/s,-609 MB/s,24.1 kB/s,-32.9 kB/s
4/22/2026 6:01,298 W,28.5 W,,,32.90%,0%,55.90%,0%,1.12 MB/s,-3.76 MB/s,24.2 kB/s,-9.61 kB/s
4/22/2026 6:02,299 W,28.8 W,65,27,32.00%,0%,56.60%,0%,1.08 MB/s,-3.65 MB/s,24.2 kB/s,-6.25 kB/s
4/22/2026 6:03,299 W,28.1 W,,,31.80%,0%,56.80%,0%,1.08 MB/s,-3.63 MB/s,24.2 kB/s,-6.28 kB/s
4/22/2026 6:04,296 W,28.2 W,67,26,31.80%,0%,56.90%,0%,1.08 MB/s,-3.63 MB/s,24.1 kB/s,-6.21 kB/s
4/22/2026 6:05,293 W,28.5 W,,,31.50%,0%,57.10%,0%,1.08 MB/s,-3.62 MB/s,24.2 kB/s,-6.25 kB/s
4/22/2026 6:06,295 W,28.4 W,67,26,31.50%,0%,57.00%,0%,1.07 MB/s,-3.61 MB/s,24.1 kB/s,-6.19 kB/s
4/22/2026 6:07,297 W,28.4 W,,,31.50%,0%,57.10%,0%,1.07 MB/s,-3.60 MB/s,24.2 kB/s,-6.25 kB/s
4/22/2026 6:08,298 W,28.5 W,66,26,31.50%,0%,57.10%,0%,1.07 MB/s,-3.60 MB/s,24.3 kB/s,-6.31 kB/s
4/22/2026 6:09,294 W,28.4 W,,,31.60%,0%,57.00%,0%,1.08 MB/s,-3.65 MB/s,24.2 kB/s,-6.28 kB/s
4/22/2026 6:10,299 W,28.3 W,66,26,31.50%,0%,57.00%,0%,1.08 MB/s,-3.65 MB/s,24.3 kB/s,-6.33 kB/s
4/22/2026 6:11,298 W,28.2 W,,,31.60%,0%,56.90%,0%,1.08 MB/s,-3.65 MB/s,24.2 kB/s,-6.28 kB/s
4/22/2026 6:12,289 W,28.2 W,68,26,31.60%,0%,56.90%,0%,1.08 MB/s,-3.66 MB/s,24.2 kB/s,-6.25 kB/s
4/22/2026 6:13,298 W,28.2 W,,,31.70%,0%,56.90%,0%,1.08 MB/s,-3.63 MB/s,24.2 kB/s,-6.26 kB/s
4/22/2026 6:14,297 W,28.3 W,66,26,31.70%,0%,56.90%,0%,1.08 MB/s,-3.63 MB/s,24.1 kB/s,-6.19 kB/s
4/22/2026 6:15,297 W,28.3 W,,,31.60%,0%,57.00%,0%,1.08 MB/s,-3.63 MB/s,24.1 kB/s,-6.23 kB/s
4/22/2026 6:16,299 W,28.5 W,65,26,31.70%,0%,57.00%,0%,1.08 MB/s,-3.64 MB/s,24.2 kB/s,-6.26 kB/s
4/22/2026 6:17,293 W,28.4 W,,,31.70%,0%,56.90%,0%,1.06 MB/s,-3.59 MB/s,24.0 kB/s,-6.19 kB/s
4/22/2026 6:18,295 W,28.5 W,67,26,31.80%,0%,56.90%,0%,1.07 MB/s,-3.63 MB/s,24.2 kB/s,-6.28 kB/s
4/22/2026 6:19,299 W,28.5 W,,,31.70%,0%,56.90%,0%,1.07 MB/s,-3.62 MB/s,24.3 kB/s,-6.28 kB/s
4/22/2026 6:20,297 W,28.6 W,66,26,31.70%,0%,56.90%,0%,1.08 MB/s,-3.63 MB/s,24.1 kB/s,-6.25 kB/s
4/22/2026 6:21,294 W,28.4 W,,,31.70%,0%,57.00%,0%,1.07 MB/s,-3.61 MB/s,24.1 kB/s,-6.23 kB/s
4/22/2026 6:22,299 W,28.4 W,66,27,31.80%,0%,56.80%,0%,1.07 MB/s,-3.62 MB/s,24.1 kB/s,-6.23 kB/s
4/22/2026 6:23,298 W,28.7 W,,,31.70%,0%,57.00%,0%,1.07 MB/s,-3.60 MB/s,24.2 kB/s,-6.28 kB/s
4/22/2026 6:24,297 W,28.8 W,66,27,31.70%,0%,56.80%,0%,1.07 MB/s,-3.60 MB/s,24.2 kB/s,-6.26 kB/s
4/22/2026 6:25,294 W,28.6 W,,,31.70%,0%,56.90%,0%,1.07 MB/s,-3.62 MB/s,24.2 kB/s,-6.26 kB/s
4/22/2026 6:26,298 W,28.9 W,67,27,31.80%,0%,56.90%,0%,1.08 MB/s,-3.63 MB/s,24.5 kB/s,-6.38 kB/s
4/22/2026 6:27,296 W,28.3 W,,,31.90%,0%,56.70%,0%,1.08 MB/s,-3.65 MB/s,24.1 kB/s,-6.21 kB/s
4/22/2026 6:28,294 W,28.7 W,68,26,31.80%,0%,56.80%,0%,1.08 MB/s,-3.64 MB/s,24.1 kB/s,-6.19 kB/s
4/22/2026 6:29,290 W,28.5 W,,,31.90%,0%,56.70%,0%,1.09 MB/s,-3.67 MB/s,24.1 kB/s,-6.19 kB/s
4/22/2026 6:30,294 W,28.4 W,66,26,31.80%,0%,56.90%,0%,1.09 MB/s,-3.68 MB/s,24.0 kB/s,-6.19 kB/s
4/22/2026 6:31,298 W,28.5 W,,,31.80%,0%,56.90%,0%,1.09 MB/s,-3.68 MB/s,24.2 kB/s,-6.28 kB/s
4/22/2026 6:32,298 W,28.3 W,67,27,31.80%,0%,56.90%,0%,1.10 MB/s,-3.68 MB/s,24.2 kB/s,-6.26 kB/s
4/22/2026 6:33,298 W,28.6 W,,,31.70%,0%,56.80%,0%,1.10 MB/s,-3.90 MB/s,24.2 kB/s,-6.28 kB/s
4/22/2026 6:34,297 W,28.5 W,68,27,31.70%,0%,56.90%,0%,1.08 MB/s,-3.64 MB/s,24.2 kB/s,-6.26 kB/s
4/22/2026 6:35,298 W,28.3 W,,,31.80%,0%,56.90%,0%,1.09 MB/s,-3.65 MB/s,24.2 kB/s,-6.30 kB/s
4/22/2026 6:36,297 W,28.3 W,66,27,31.70%,0%,56.90%,0%,1.08 MB/s,-3.64 MB/s,24.1 kB/s,-6.25 kB/s
4/22/2026 6:37,299 W,28.4 W,,,31.70%,0%,56.70%,0%,1.11 MB/s,-3.94 MB/s,24.1 kB/s,-6.25 kB/s
4/22/2026 6:38,299 W,28.3 W,65,27,31.70%,0%,56.90%,0%,1.07 MB/s,-3.62 MB/s,24.1 kB/s,-6.21 kB/s
4/22/2026 6:39,299 W,28.9 W,,,31.70%,0%,56.90%,0%,1.08 MB/s,-3.63 MB/s,24.1 kB/s,-6.23 kB/s
4/22/2026 6:40,296 W,28.8 W,66,27,31.70%,0%,56.90%,0%,1.07 MB/s,-3.62 MB/s,24.2 kB/s,-6.28 kB/s
4/22/2026 6:41,294 W,29.0 W,,,31.70%,0%,56.80%,0%,1.12 MB/s,-3.95 MB/s,24.2 kB/s,-6.25 kB/s
4/22/2026 6:42,296 W,28.7 W,68,27,31.70%,0%,56.80%,0%,1.07 MB/s,-3.60 MB/s,24.2 kB/s,-6.25 kB/s
4/22/2026 6:43,298 W,28.6 W,,,31.70%,0%,56.80%,0%,1.06 MB/s,-3.60 MB/s,24.2 kB/s,-6.28 kB/s
4/22/2026 6:44,299 W,28.7 W,66,27,31.80%,0%,56.80%,0%,1.07 MB/s,-3.60 MB/s,24.3 kB/s,-6.28 kB/s
4/22/2026 6:45,299 W,28.7 W,,,31.80%,0%,56.70%,0%,1.11 MB/s,-3.93 MB/s,24.2 kB/s,-6.28 kB/s
4/22/2026 6:46,297 W,28.6 W,66,26,31.80%,0%,56.80%,0%,1.08 MB/s,-3.64 MB/s,24.2 kB/s,-6.28 kB/s
4/22/2026 6:47,294 W,28.2 W,,,31.80%,0%,56.80%,0%,1.08 MB/s,-3.63 MB/s,24.2 kB/s,-6.28 kB/s
4/22/2026 6:48,290 W,28.4 W,67,27,31.70%,0%,56.80%,0%,1.08 MB/s,-3.63 MB/s,24.1 kB/s,-6.25 kB/s
4/22/2026 6:49,299 W,28.4 W,,,31.70%,0%,56.70%,0%,1.10 MB/s,-3.90 MB/s,25.5 kB/s,-6.89 kB/s
4/22/2026 6:50,298 W,28.4 W,67,27,31.70%,0%,56.90%,0%,1.09 MB/s,-3.66 MB/s,24.2 kB/s,-6.28 kB/s
4/22/2026 6:51,298 W,28.4 W,,,31.70%,0%,56.90%,0%,1.09 MB/s,-3.66 MB/s,24.4 kB/s,-6.35 kB/s
4/22/2026 6:52,295 W,28.6 W,66,27,31.70%,0%,56.90%,0%,1.09 MB/s,-3.66 MB/s,24.4 kB/s,-6.33 kB/s
4/22/2026 6:53,291 W,28.5 W,,,31.80%,0%,56.70%,0%,1.12 MB/s,-3.95 MB/s,24.3 kB/s,-6.30 kB/s
4/22/2026 6:54,294 W,28.7 W,65,27,31.70%,0%,56.90%,0%,1.08 MB/s,-3.64 MB/s,24.2 kB/s,-6.26 kB/s
4/22/2026 6:55,299 W,28.7 W,,,31.70%,0%,56.80%,0%,1.08 MB/s,-3.66 MB/s,24.2 kB/s,-6.30 kB/s
4/22/2026 6:56,294 W,28.8 W,68,27,31.70%,0%,56.90%,0%,1.09 MB/s,-3.65 MB/s,24.2 kB/s,-6.26 kB/s
4/22/2026 6:57,295 W,28.6 W,,,31.60%,0%,56.80%,0%,1.12 MB/s,-3.97 MB/s,24.3 kB/s,-6.30 kB/s
4/22/2026 6:58,294 W,28.4 W,66,27,31.70%,0%,56.90%,0%,1.08 MB/s,-3.63 MB/s,24.3 kB/s,-6.28 kB/s
4/22/2026 6:59,298 W,28.5 W,,,31.60%,0%,56.90%,0%,1.08 MB/s,-3.63 MB/s,24.2 kB/s,-6.26 kB/s
4/22/2026 7:00,294 W,28.1 W,67,27,31.50%,0%,57.10%,0%,1.07 MB/s,-3.62 MB/s,24.1 kB/s,-6.23 kB/s
4/22/2026 7:01,294 W,28.4 W,,,31.70%,0%,56.70%,0%,1.11 MB/s,-3.94 MB/s,24.2 kB/s,-6.25 kB/s
4/22/2026 7:02,296 W,28.4 W,67,27,31.70%,0%,56.80%,0%,1.06 MB/s,-3.59 MB/s,24.2 kB/s,-6.26 kB/s
4/22/2026 7:03,297 W,28.5 W,,,31.70%,0%,56.80%,0%,1.07 MB/s,-3.59 MB/s,24.1 kB/s,-6.23 kB/s
4/22/2026 7:04,296 W,28.5 W,67,26,31.80%,0%,56.80%,0%,1.07 MB/s,-3.60 MB/s,24.2 kB/s,-6.26 kB/s
4/22/2026 7:05,290 W,28.3 W,,,31.80%,0%,56.60%,0%,1.10 MB/s,-3.92 MB/s,24.2 kB/s,-6.28 kB/s
4/22/2026 7:06,298 W,28.7 W,67,26,31.80%,0%,56.80%,0%,1.08 MB/s,-3.65 MB/s,24.2 kB/s,-6.26 kB/s
4/22/2026 7:07,297 W,28.3 W,,,31.80%,0%,56.80%,0%,1.08 MB/s,-3.64 MB/s,24.2 kB/s,-6.26 kB/s
4/22/2026 7:08,298 W,28.5 W,67,27,31.80%,0%,56.80%,0%,1.08 MB/s,-3.64 MB/s,24.2 kB/s,-6.25 kB/s
4/22/2026 7:09,298 W,29.0 W,,,31.70%,0%,56.90%,0%,1.07 MB/s,-3.63 MB/s,24.1 kB/s,-6.23 kB/s
4/22/2026 7:10,298 W,28.5 W,66,27,31.80%,0%,56.80%,0%,1.09 MB/s,-3.66 MB/s,24.2 kB/s,-6.25 kB/s
4/22/2026 7:11,298 W,28.8 W,,,31.80%,0%,56.80%,0%,1.09 MB/s,-3.66 MB/s,24.1 kB/s,-6.21 kB/s
4/22/2026 7:12,295 W,28.4 W,67,26,31.80%,0%,56.80%,0%,1.08 MB/s,-3.66 MB/s,24.1 kB/s,-6.21 kB/s
4/22/2026 7:13,298 W,28.8 W,,,31.80%,0%,56.80%,0%,1.09 MB/s,-3.66 MB/s,24.3 kB/s,-6.30 kB/s
4/22/2026 7:14,298 W,28.5 W,65,26,31.80%,0%,56.80%,0%,1.09 MB/s,-3.67 MB/s,24.2 kB/s,-6.26 kB/s
4/22/2026 7:15,298 W,28.6 W,,,31.80%,0%,56.80%,0%,1.08 MB/s,-3.66 MB/s,24.2 kB/s,-6.28 kB/s
4/22/2026 7:16,300 W,29.0 W,67,26,31.70%,0%,56.80%,0%,1.08 MB/s,-3.66 MB/s,24.2 kB/s,-6.26 kB/s
4/22/2026 7:17,296 W,28.8 W,,,31.80%,0%,56.80%,0%,1.09 MB/s,-3.67 MB/s,24.2 kB/s,-6.28 kB/s
4/22/2026 7:18,299 W,28.8 W,65,26,31.80%,0%,56.70%,0%,1.08 MB/s,-3.65 MB/s,24.1 kB/s,-6.23 kB/s
4/22/2026 7:19,298 W,29.2 W,,,31.60%,0%,56.90%,0%,1.08 MB/s,-3.63 MB/s,24.1 kB/s,-6.23 kB/s
4/22/2026 7:20,297 W,29.3 W,65,26,31.70%,0%,56.80%,0%,1.08 MB/s,-3.63 MB/s,24.2 kB/s,-6.25 kB/s
4/22/2026 7:21,297 W,28.5 W,,,31.70%,0%,56.80%,0%,1.08 MB/s,-3.63 MB/s,24.3 kB/s,-6.31 kB/s
4/22/2026 7:22,28.1 W,28.8 W,44,27,0%,0%,0%,0%,24.4 kB/s,-6.42 kB/s,24.2 kB/s,-6.30 kB/s
4/22/2026 7:23,26.2 W,28.9 W,,,0%,0%,0%,0%,24.3 kB/s,-6.31 kB/s,24.2 kB/s,-6.26 kB/s
4/22/2026 7:24,25.8 W,28.4 W,31,28,0%,0%,0%,0%,24.3 kB/s,-6.30 kB/s,24.2 kB/s,-6.25 kB/s
4/22/2026 7:25,25.8 W,28.7 W,,,0%,0%,0%,0%,24.3 kB/s,-6.31 kB/s,24.1 kB/s,-6.25 kB/s
4/22/2026 7:26,25.4 W,28.4 W,28,28,0%,0%,0%,0%,24.3 kB/s,-6.33 kB/s,24.2 kB/s,-6.26 kB/s
4/22/2026 7:27,25.5 W,29.0 W,,,0%,0%,0%,0%,24.2 kB/s,-6.28 kB/s,24.2 kB/s,-6.30 kB/s
4/22/2026 7:28,25.3 W,28.6 W,27,28,0%,0%,0%,0%,24.2 kB/s,-6.25 kB/s,24.2 kB/s,-6.28 kB/s
4/22/2026 7:29,25.3 W,28.6 W,,,0%,0%,0%,0%,24.2 kB/s,-6.28 kB/s,24.2 kB/s,-6.28 kB/s
4/22/2026 7:30,25.2 W,29.1 W,27,28,0%,0%,0%,0%,24.4 kB/s,-6.35 kB/s,24.2 kB/s,-6.26 kB/s
4/22/2026 7:31,25.3 W,29.0 W,,,0%,0%,0%,0%,24.3 kB/s,-6.33 kB/s,24.2 kB/s,-6.26 kB/s
4/22/2026 7:32,25.3 W,29.2 W,27,28,0%,0%,0%,0%,24.3 kB/s,-6.33 kB/s,24.2 kB/s,-6.25 kB/s
4/22/2026 7:33,25.3 W,28.4 W,,,0%,0%,0%,0%,24.8 kB/s,-6.60 kB/s,24.2 kB/s,-6.26 kB/s
4/22/2026 7:34,25.2 W,28.8 W,27,27,0%,0%,0%,0%,24.3 kB/s,-6.31 kB/s,24.1 kB/s,-6.25 kB/s
4/22/2026 7:35,25.0 W,28.6 W,,,0%,0%,0%,0%,24.4 kB/s,-6.35 kB/s,24.1 kB/s,-6.21 kB/s
4/22/2026 7:36,24.9 W,28.7 W,27,28,0%,0%,0%,0%,24.4 kB/s,-6.35 kB/s,24.2 kB/s,-6.28 kB/s
4/22/2026 7:37,25.1 W,28.7 W,,,0%,0%,0%,0%,24.4 kB/s,-6.33 kB/s,24.2 kB/s,-6.28 kB/s
4/22/2026 7:38,25.3 W,28.7 W,27,28,0%,0%,0%,0%,24.3 kB/s,-6.28 kB/s,24.2 kB/s,-6.26 kB/s
4/22/2026 7:39,25.4 W,28.8 W,,,0%,0%,0%,0%,24.2 kB/s,-6.28 kB/s,24.3 kB/s,-6.31 kB/s
4/22/2026 7:40,25.1 W,28.9 W,27,28,0.53%,0%,0%,0%,68.2 MB/s,-609 MB/s,24.3 kB/s,-33.0 kB/s
4/22/2026 7:41,298 W,29.0 W,,,32.80%,0%,55.90%,0%,1.11 MB/s,-3.76 MB/s,24.2 kB/s,-9.61 kB/s
4/22/2026 7:42,298 W,28.8 W,65,27,32.00%,0%,56.60%,0%,1.09 MB/s,-3.66 MB/s,24.1 kB/s,-6.23 kB/s
4/22/2026 7:43,298 W,28.5 W,,,31.80%,0%,56.70%,0%,1.08 MB/s,-3.64 MB/s,24.2 kB/s,-6.25 kB/s
4/22/2026 7:44,297 W,28.5 W,66,27,31.80%,0%,56.70%,0%,1.08 MB/s,-3.64 MB/s,24.1 kB/s,-6.23 kB/s
4/22/2026 7:45,298 W,28.4 W,,,31.50%,0%,57.20%,0%,1.08 MB/s,-3.64 MB/s,24.2 kB/s,-6.25 kB/s
4/22/2026 7:46,295 W,28.7 W,64,26,31.50%,0%,57.20%,0%,1.09 MB/s,-3.64 MB/s,24.2 kB/s,-6.25 kB/s
4/22/2026 7:47,298 W,28.5 W,,,31.50%,0%,57.00%,0%,1.08 MB/s,-3.63 MB/s,24.2 kB/s,-6.26 kB/s
4/22/2026 7:48,297 W,28.8 W,67,26,31.60%,0%,57.10%,0%,1.07 MB/s,-3.62 MB/s,24.2 kB/s,-6.25 kB/s
4/22/2026 7:49,292 W,28.3 W,,,31.60%,0%,57.00%,0%,1.08 MB/s,-3.64 MB/s,24.2 kB/s,-6.28 kB/s
4/22/2026 7:50,298 W,28.6 W,67,26,31.60%,0%,57.00%,0%,1.09 MB/s,-3.65 MB/s,24.2 kB/s,-6.26 kB/s
4/22/2026 7:51,296 W,28.8 W,,,31.40%,0%,57.10%,0%,1.08 MB/s,-3.64 MB/s,24.2 kB/s,-6.26 kB/s
4/22/2026 7:52,298 W,28.5 W,67,26,31.60%,0%,56.90%,0%,1.08 MB/s,-3.66 MB/s,24.1 kB/s,-6.23 kB/s
4/22/2026 7:53,294 W,28.8 W,,,31.70%,0%,56.80%,0%,1.08 MB/s,-3.63 MB/s,24.2 kB/s,-6.25 kB/s
4/22/2026 7:54,294 W,28.7 W,67,27,31.70%,0%,56.80%,0%,1.08 MB/s,-3.63 MB/s,24.2 kB/s,-6.28 kB/s
4/22/2026 7:55,287 W,28.7 W,,,31.70%,0%,56.80%,0%,1.08 MB/s,-3.64 MB/s,24.2 kB/s,-6.26 kB/s
4/22/2026 7:56,288 W,28.8 W,68,27,31.70%,0%,57.00%,0%,1.08 MB/s,-3.63 MB/s,24.2 kB/s,-6.25 kB/s
4/22/2026 7:57,298 W,28.8 W,,,31.70%,0%,56.90%,0%,1.07 MB/s,-3.60 MB/s,24.2 kB/s,-6.23 kB/s
4/22/2026 7:58,297 W,28.7 W,66,27,31.80%,0%,56.90%,0%,1.07 MB/s,-3.61 MB/s,24.2 kB/s,-6.26 kB/s
4/22/2026 7:59,299 W,29.0 W,,,31.80%,0%,56.80%,0%,1.07 MB/s,-3.62 MB/s,24.3 kB/s,-6.28 kB/s
4/22/2026 8:00,298 W,28.9 W,67,26,31.80%,0%,56.90%,0%,1.07 MB/s,-3.62 MB/s,24.1 kB/s,-6.23 kB/s
4/22/2026 8:01,297 W,28.9 W,,,31.70%,0%,57.00%,0%,1.08 MB/s,-3.63 MB/s,24.1 kB/s,-6.21 kB/s
4/22/2026 8:02,294 W,29.0 W,67,26,31.80%,0%,56.90%,0%,1.07 MB/s,-3.63 MB/s,24.1 kB/s,-6.23 kB/s
4/22/2026 8:03,297 W,29.2 W,,,31.70%,0%,56.90%,0%,1.08 MB/s,-3.62 MB/s,24.2 kB/s,-6.25 kB/s
4/22/2026 8:04,297 W,28.9 W,67,27,31.70%,0%,56.90%,0%,1.07 MB/s,-3.61 MB/s,24.2 kB/s,-6.25 kB/s
4/22/2026 8:05,299 W,29.0 W,,,31.70%,0%,56.90%,0%,1.08 MB/s,-3.63 MB/s,24.2 kB/s,-6.25 kB/s
4/22/2026 8:06,295 W,29.0 W,67,27,31.70%,0%,56.80%,0%,1.08 MB/s,-3.63 MB/s,24.2 kB/s,-6.25 kB/s
4/22/2026 8:07,298 W,29.0 W,,,31.80%,0%,56.90%,0%,1.08 MB/s,-3.64 MB/s,24.2 kB/s,-6.25 kB/s
4/22/2026 8:08,295 W,29.3 W,67,27,31.80%,0%,56.80%,0%,1.08 MB/s,-3.64 MB/s,24.3 kB/s,-6.33 kB/s
4/22/2026 8:09,296 W,29.2 W,,,31.90%,0%,56.70%,0%,1.09 MB/s,-3.68 MB/s,24.3 kB/s,-6.28 kB/s
4/22/2026 8:10,295 W,28.7 W,64,27,31.70%,0%,56.80%,0%,1.10 MB/s,-3.68 MB/s,24.3 kB/s,-6.30 kB/s
4/22/2026 8:11,295 W,29.2 W,,,31.70%,0%,56.80%,0%,1.09 MB/s,-3.67 MB/s,24.2 kB/s,-6.28 kB/s
4/22/2026 8:12,297 W,29.1 W,67,27,31.70%,0%,56.80%,0%,1.09 MB/s,-3.67 MB/s,24.1 kB/s,-6.25 kB/s
4/22/2026 8:13,293 W,29.3 W,,,31.70%,0%,56.90%,0%,1.06 MB/s,-3.57 MB/s,24.2 kB/s,-6.28 kB/s
4/22/2026 8:14,290 W,29.2 W,63,27,31.70%,0%,57.00%,0%,1.08 MB/s,-3.63 MB/s,24.2 kB/s,-6.30 kB/s
4/22/2026 8:15,298 W,29.3 W,,,31.70%,0%,56.90%,0%,1.08 MB/s,-3.64 MB/s,24.1 kB/s,-6.25 kB/s
4/22/2026 8:16,297 W,28.9 W,67,27,31.70%,0%,56.80%,0%,1.08 MB/s,-3.65 MB/s,24.2 kB/s,-6.28 kB/s
4/22/2026 8:17,298 W,29.2 W,,,31.60%,0%,56.80%,0%,1.11 MB/s,-3.92 MB/s,24.3 kB/s,-6.28 kB/s
4/22/2026 8:18,297 W,29.2 W,68,27,31.70%,0%,56.90%,0%,1.07 MB/s,-3.61 MB/s,24.2 kB/s,-6.28 kB/s
4/22/2026 8:19,296 W,29.1 W,,,31.70%,0%,56.90%,0%,1.07 MB/s,-3.62 MB/s,24.2 kB/s,-6.25 kB/s
4/22/2026 8:20,295 W,29.1 W,66,27,31.70%,0%,56.90%,0%,1.07 MB/s,-3.61 MB/s,24.2 kB/s,-6.25 kB/s
4/22/2026 8:21,296 W,29.1 W,,,31.70%,0%,56.80%,0%,1.12 MB/s,-3.95 MB/s,24.2 kB/s,-6.28 kB/s
4/22/2026 8:22,295 W,29.3 W,67,27,31.70%,0%,56.90%,0%,1.07 MB/s,-3.61 MB/s,24.2 kB/s,-6.25 kB/s
4/22/2026 8:23,298 W,29.1 W,,,31.70%,0%,56.90%,0%,1.07 MB/s,-3.61 MB/s,24.2 kB/s,-6.26 kB/s
4/22/2026 8:24,294 W,28.9 W,67,27,31.80%,0%,56.90%,0%,1.07 MB/s,-3.62 MB/s,24.2 kB/s,-6.25 kB/s
4/22/2026 8:25,298 W,28.9 W,,,31.80%,0%,56.70%,0%,1.11 MB/s,-3.93 MB/s,24.1 kB/s,-6.23 kB/s
4/22/2026 8:26,295 W,28.8 W,67,27,31.90%,0%,56.60%,0%,1.09 MB/s,-3.66 MB/s,24.1 kB/s,-6.23 kB/s
4/22/2026 8:27,294 W,29.0 W,,,31.80%,0%,56.80%,0%,1.08 MB/s,-3.64 MB/s,24.2 kB/s,-6.26 kB/s
4/22/2026 8:28,295 W,29.0 W,66,27,31.80%,0%,56.80%,0%,1.08 MB/s,-3.65 MB/s,24.2 kB/s,-6.25 kB/s
4/22/2026 8:29,298 W,28.9 W,,,31.80%,0%,56.70%,0%,1.11 MB/s,-3.92 MB/s,24.4 kB/s,-6.31 kB/s
4/22/2026 8:30,292 W,28.7 W,67,27,31.90%,0%,56.80%,0%,1.10 MB/s,-3.69 MB/s,24.2 kB/s,-6.26 kB/s
4/22/2026 8:31,290 W,28.9 W,,,31.90%,0%,56.80%,0%,1.09 MB/s,-3.69 MB/s,24.1 kB/s,-6.23 kB/s
4/22/2026 8:32,292 W,29.1 W,66,27,31.90%,0%,56.70%,0%,1.10 MB/s,-3.70 MB/s,24.2 kB/s,-6.25 kB/s
4/22/2026 8:33,299 W,29.1 W,,,31.90%,0%,56.60%,0%,1.13 MB/s,-3.98 MB/s,24.2 kB/s,-6.23 kB/s
4/22/2026 8:34,298 W,29.0 W,67,27,31.80%,0%,56.80%,0%,1.08 MB/s,-3.65 MB/s,24.3 kB/s,-6.30 kB/s
4/22/2026 8:35,298 W,29.2 W,,,31.70%,0%,57.00%,0%,1.08 MB/s,-3.64 MB/s,24.2 kB/s,-6.26 kB/s
4/22/2026 8:36,298 W,29.1 W,67,27,31.80%,0%,56.80%,0%,1.08 MB/s,-3.65 MB/s,24.2 kB/s,-6.26 kB/s
4/22/2026 8:37,296 W,29.0 W,,,31.80%,0%,56.70%,0%,1.13 MB/s,-3.98 MB/s,24.2 kB/s,-6.26 kB/s
4/22/2026 8:38,297 W,29.2 W,66,27,31.80%,0%,56.90%,0%,1.07 MB/s,-3.61 MB/s,24.2 kB/s,-6.25 kB/s
4/22/2026 8:39,297 W,29.0 W,,,31.80%,0%,56.80%,0%,1.07 MB/s,-3.62 MB/s,24.2 kB/s,-6.26 kB/s
4/22/2026 8:40,299 W,29.0 W,67,27,31.80%,0%,56.80%,0%,1.08 MB/s,-3.63 MB/s,24.2 kB/s,-6.25 kB/s
4/22/2026 8:41,295 W,28.8 W,,,31.70%,0%,56.80%,0%,1.12 MB/s,-3.94 MB/s,24.3 kB/s,-6.31 kB/s
4/22/2026 8:42,295 W,29.1 W,66,27,31.70%,0%,56.90%,0%,1.07 MB/s,-3.61 MB/s,24.2 kB/s,-6.26 kB/s
4/22/2026 8:43,294 W,29.3 W,,,31.80%,0%,56.80%,0%,1.07 MB/s,-3.62 MB/s,24.1 kB/s,-6.23 kB/s
4/22/2026 8:44,298 W,29.0 W,66,27,31.90%,0%,56.80%,0%,1.07 MB/s,-3.63 MB/s,24.2 kB/s,-6.25 kB/s
4/22/2026 8:45,296 W,29.1 W,,,31.80%,0%,56.60%,0%,1.11 MB/s,-3.93 MB/s,24.2 kB/s,-6.26 kB/s
4/22/2026 8:46,296 W,28.9 W,65,26,31.90%,0%,56.80%,0%,1.08 MB/s,-3.64 MB/s,24.1 kB/s,-6.25 kB/s
4/22/2026 8:47,298 W,28.7 W,,,31.60%,0%,57.10%,0%,1.07 MB/s,-3.62 MB/s,24.1 kB/s,-6.21 kB/s
4/22/2026 8:48,297 W,28.8 W,66,26,31.90%,0%,56.80%,0%,1.08 MB/s,-3.65 MB/s,25.3 kB/s,-6.81 kB/s
4/22/2026 8:49,296 W,28.8 W,,,31.80%,0%,56.60%,0%,1.12 MB/s,-3.96 MB/s,24.1 kB/s,-6.23 kB/s
4/22/2026 8:50,297 W,29 W,66,26,31.90%,0%,56.80%,0%,1.10 MB/s,-3.69 MB/s,24.1 kB/s,-6.21 kB/s
4/22/2026 8:51,298 W,29.2 W,,,31.80%,0%,56.80%,0%,1.09 MB/s,-3.68 MB/s,24.2 kB/s,-6.25 kB/s
4/22/2026 8:52,296 W,29.4 W,67,26,31.80%,0%,56.80%,0%,1.09 MB/s,-3.68 MB/s,24.2 kB/s,-6.26 kB/s
4/22/2026 8:53,288 W,29.0 W,,,31.80%,0%,56.60%,0%,1.13 MB/s,-4.00 MB/s,24.5 kB/s,-6.42 kB/s
4/22/2026 8:54,296 W,29.3 W,64,26,31.80%,0%,56.90%,0%,1.08 MB/s,-3.65 MB/s,24.1 kB/s,-6.23 kB/s
4/22/2026 8:55,298 W,29.4 W,,,31.70%,0%,56.80%,0%,1.08 MB/s,-3.64 MB/s,24.2 kB/s,-6.26 kB/s
4/22/2026 8:56,297 W,29.1 W,67,26,31.80%,0%,56.80%,0%,1.08 MB/s,-3.65 MB/s,24.2 kB/s,-6.26 kB/s
4/22/2026 8:57,298 W,28.9 W,,,31.90%,0%,56.80%,0%,1.09 MB/s,-3.66 MB/s,24.3 kB/s,-6.28 kB/s
4/22/2026 8:58,298 W,28.9 W,66,27,31.80%,0%,56.90%,0%,1.07 MB/s,-3.61 MB/s,24.2 kB/s,-6.26 kB/s
4/22/2026 8:59,296 W,29.1 W,,,31.80%,0%,56.80%,0%,1.07 MB/s,-3.61 MB/s,24.8 kB/s,-6.71 kB/s
4/22/2026 9:00,296 W,28.7 W,68,27,31.80%,0%,56.80%,0%,1.07 MB/s,-3.63 MB/s,24.1 kB/s,-6.23 kB/s
4/22/2026 9:01,296 W,28.8 W,,,31.80%,0%,56.80%,0%,1.08 MB/s,-3.63 MB/s,24.2 kB/s,-6.26 kB/s
4/22/2026 9:02,27.5 W,28.7 W,42,27,0%,0%,0%,0%,24.5 kB/s,-6.47 kB/s,24.2 kB/s,-6.25 kB/s
4/22/2026 9:03,25.8 W,28.6 W,,,0%,0%,0%,0%,24.3 kB/s,-6.33 kB/s,24.1 kB/s,-6.23 kB/s
4/22/2026 9:04,25.5 W,29.3 W,31,28,0%,0%,0%,0%,24.2 kB/s,-6.28 kB/s,24.1 kB/s,-6.21 kB/s
4/22/2026 9:05,25.2 W,29.3 W,,,0%,0%,0%,0%,24.1 kB/s,-6.23 kB/s,24.1 kB/s,-6.23 kB/s
4/22/2026 9:06,25.5 W,28.9 W,28,28,0%,0%,0%,0%,24.1 kB/s,-6.25 kB/s,24.2 kB/s,-6.23 kB/s
4/22/2026 9:07,25.5 W,29.1 W,,,0%,0%,0%,0%,24.2 kB/s,-6.28 kB/s,23.9 kB/s,-6.25 kB/s
4/22/2026 9:08,25.4 W,29.1 W,28,28,0%,0%,0%,0%,24.2 kB/s,-6.28 kB/s,24.1 kB/s,-6.25 kB/s
4/22/2026 9:09,25.3 W,29.0 W,,,0%,0%,0%,0%,24.2 kB/s,-6.28 kB/s,24.1 kB/s,-6.23 kB/s
4/22/2026 9:10,25.3 W,29.3 W,28,28,0%,0%,0%,0%,24.3 kB/s,-6.31 kB/s,24.2 kB/s,-6.25 kB/s
4/22/2026 9:11,25.1 W,29.2 W,,,0%,0%,0%,0%,24.2 kB/s,-6.28 kB/s,24.3 kB/s,-6.28 kB/s
4/22/2026 9:12,25.2 W,29.0 W,27,28,0%,0%,0%,0%,24.3 kB/s,-6.33 kB/s,24.3 kB/s,-6.31 kB/s
4/22/2026 9:13,25.2 W,29.1 W,,,0%,0%,0%,0%,24.3 kB/s,-6.31 kB/s,24.2 kB/s,-6.25 kB/s
4/22/2026 9:14,25.3 W,29.4 W,27,28,0%,0%,0%,0%,24.3 kB/s,-6.30 kB/s,24.3 kB/s,-6.28 kB/s
4/22/2026 9:15,25.4 W,28.9 W,,,0%,0%,0%,0%,24.3 kB/s,-6.33 kB/s,24.2 kB/s,-6.26 kB/s
4/22/2026 9:16,25.5 W,29.0 W,27,28,0%,0%,0%,0%,24.2 kB/s,-6.28 kB/s,24.1 kB/s,-6.19 kB/s
4/22/2026 9:17,25.3 W,29.0 W,,,0%,0%,0%,0%,24.3 kB/s,-6.31 kB/s,24.2 kB/s,-6.26 kB/s
4/22/2026 9:18,25.1 W,29.4 W,27,28,0%,0%,0%,0%,24.3 kB/s,-6.33 kB/s,24.1 kB/s,-6.25 kB/s
4/22/2026 9:19,25.5 W,29.0 W,,,0%,0%,0%,0%,24.2 kB/s,-6.28 kB/s,24.2 kB/s,-6.25 kB/s
4/22/2026 9:20,25.2 W,28.8 W,27,28,0%,0%,0%,0%,24.2 kB/s,-6.30 kB/s,24.2 kB/s,-6.26 kB/s
4/22/2026 9:21,25.1 W,29.3 W,,,0%,0%,0%,0%,24.2 kB/s,-6.28 kB/s,24.1 kB/s,-6.21 kB/s
4/22/2026 9:22,25.2 W,29.4 W,27,28,0%,0%,0%,0%,24.3 kB/s,-6.30 kB/s,24.1 kB/s,-6.19 kB/s
